boro_cd,count_night,population,area_km2,rate_per_1k_pop,rate_per_km2,share_noise___residential,share_noise___street/sidewalk,share_noise___commercial,share_noise___vehicle,share_noise___park,share_noise,share_noise___helicopter,share_noise___house_of_worship,count_evening,share_evening,count_early_am,share_early_am,count_core_night,share_core_night,count_predawn,share_predawn,count_late_night,late_night_share,count_weekend,count_weekday,weekend_rate,weekday_rate,weekend_uplift,count_warm,count_cool,warm_rate,cool_rate,warm_season_ratio,warm_share,borough_name,district_number,cd_label,cd_short,year_start,year_end
101,2984,72470,3.873662358592926,41.175658893335175,770.3304324860961,0.19302949061662197,0.15851206434316353,0.09483914209115281,0.064343163538874,0.004021447721179625,0.39711796246648795,0.08646112600536193,0.001675603217158177,721,0.2416219839142091,424,0.14209115281501342,538,0.18029490616621985,1301,0.4359919571045576,729,0.2443029490616622,1089,1895,544.5,379.0,1.4366754617414248,562,2422,187.33333333333334,269.1111111111111,0.6961189099917424,0.18833780160857908,Manhattan,1,Manhattan Community District 1,MN 1,2021,2023
102,5807,85706,3.5045719536197106,67.75488297202064,1656.9783918981084,0.24349922507318753,0.19132081970036163,0.1129671086619597,0.08903048045462374,0.007921474083003272,0.28413983123816083,0.07043223695539866,0.0006888238333046323,1967,0.33872912002755295,883,0.1520578612019976,875,0.15068021353538832,2082,0.35853280523506115,1193,0.2054417082831066,2493,3314,1246.5,662.8,1.8806578153289077,1255,4552,418.3333333333333,505.77777777777777,0.8271089630931459,0.2161184776993284,Manhattan,2,Manhattan Community District 2,MN 2,2021,2023
103,10283,155194,4.355016729694203,66.25900485843525,2361.1849593794886,0.40542643197510453,0.2222114169016824,0.12233783915199845,0.07663133326850141,0.011183506758727998,0.1553048721190314,0.006612856170378294,0.000291743654575513,4282,0.41641544296411553,1784,0.1734902265875717,1346,0.13089565301954684,2871,0.2791986774287659,2063,0.20062238646309444,4412,5871,2206.0,1174.2,1.8787259410662578,2617,7666,872.3333333333334,851.7777777777778,1.024132533263762,0.25449771467470583,Manhattan,3,Manhattan Community District 3,MN 3,2021,2023
104,9139,116457,4.580891520829646,78.47531706981977,1995.0265048723165,0.22704891125943757,0.121676332202648,0.08337892548418864,0.05930626983258562,0.002407265565160302,0.2041798883904147,0.30145530145530147,0.000547105810263705,2099,0.22967501914870336,1297,0.1419192471824051,1481,0.1620527410001094,4262,0.46635299266878216,2076,0.2271583324214903,3128,6011,1564.0,1202.2,1.3009482615205457,1570,7569,523.3333333333334,841.0,0.6222750693618708,0.17179122442280337,Manhattan,4,Manhattan Community District 4,MN 4,2021,2023
105,4301,50450,4.068100867683603,85.25272547076314,1057.2500879136292,0.21436875145315043,0.18391071843757265,0.11439200186003255,0.08137642408742153,0.006510113926993723,0.3582887700534759,0.04115322018135317,0.0,1102,0.2562194838409672,600,0.13950244129272263,775,0.1801906533364334,1824,0.4240874215298768,1043,0.24250174378051617,1494,2807,747.0,561.4,1.330602066262914,944,3357,314.6666666666667,373.0,0.8436103663985702,0.21948384096721693,Manhattan,5,Manhattan Community District 5,MN 5,2021,2023
106,5931,143639,3.598028580253398,41.29101427885185,1648.402692671857,0.2306525037936267,0.11212274489967965,0.04366885853987523,0.07502950598549991,0.0032035069971337042,0.3107401787219693,0.2242454897993593,0.0003372112628561794,1328,0.2239082785365031,849,0.14314618108244814,1265,0.21328612375653347,2489,0.4196594166245153,1678,0.2829202495363345,2101,3830,1050.5,766.0,1.3714099216710183,1029,4902,343.0,544.6666666666666,0.6297429620563036,0.1734951947395043,Manhattan,6,Manhattan Community District 6,MN 6,2021,2023
107,13235,220646,4.93787865790255,59.982959129102724,2680.3007762895895,0.1931998488855308,0.0982999622213827,0.02780506233471855,0.04261428031734039,0.0040045334340763124,0.1960710238005289,0.4376275028333963,0.00037778617302606723,2318,0.17514166981488477,1644,0.1242160936909709,2150,0.1624480544012089,7123,0.5381941820929353,2968,0.2242538723082735,4272,8963,2136.0,1792.6,1.191565324110231,2603,10632,867.6666666666666,1181.3333333333333,0.7344808126410836,0.19667548167737062,Manhattan,7,Manhattan Community District 7,MN 7,2021,2023
108,7637,211135,5.129464321343928,36.171170104435554,1488.8494239490283,0.19588843786827287,0.10580070708393348,0.05970930993845751,0.055781065863558986,0.011915673693858845,0.3997643053555061,0.17087861725808565,0.00026188293832656804,1395,0.1826633494827812,1012,0.13251276679324342,1637,0.21435118502029593,3593,0.47047269870367947,2143,0.28060756841691764,2444,5193,1222.0,1038.6,1.1765838628923553,1524,6113,508.0,679.2222222222222,0.7479142810404057,0.19955479900484482,Manhattan,8,Manhattan Community District 8,MN 8,2021,2023
109,8582,114613,3.892041065202108,74.878067932957,2205.0127057316517,0.504194826380797,0.2803542297832673,0.06199021207177814,0.059193661151246794,0.0033791656956420413,0.08506175716616174,0.00559310184106269,0.00023304591004427873,3347,0.39000233045910043,1626,0.1894663248659986,1357,0.1581216499650431,2252,0.26240969470985787,2151,0.25064087625262177,3485,5097,1742.5,1019.4,1.7093388267608398,2618,5964,872.6666666666666,662.6666666666666,1.3169014084507042,0.30505709624796085,Manhattan,9,Manhattan Community District 9,MN 9,2021,2023
110,13164,135884,3.62994708483437,96.87674781431221,3626.499145124772,0.560695837131571,0.2657247037374658,0.05135217259191735,0.04899726526891522,0.003494378608325737,0.06487389851109085,0.0035703433606806443,0.0012914007900334246,4192,0.3184442418717715,2321,0.1763141902157399,2575,0.19560923731388635,4076,0.30963233059860223,3661,0.2781069583713157,4771,8393,2385.5,1678.6,1.4211247468128203,3337,9827,1112.3333333333333,1091.888888888889,1.018723923883179,0.25349437860832574,Manhattan,10,Manhattan Community District 10,MN 10,2021,2023
111,6826,125413,6.146338865951981,54.42816932853851,1110.579834413791,0.5249047758570173,0.2698505713448579,0.03691766774099033,0.05610899501904483,0.00732493407559332,0.09727512452387929,0.006152944623498389,0.001464986815118664,2607,0.3819220627014357,1167,0.17096396132434807,971,0.14225021974802227,2081,0.30486375622619394,1476,0.2162320539115148,2687,4139,1343.5,827.8,1.6229765643875333,1769,5057,589.6666666666666,561.8888888888889,1.0494364247577614,0.25915616759449167,Manhattan,11,Manhattan Community District 11,MN 11,2021,2023
112,16234,202697,7.242831524725994,80.0899865316211,2241.388598447919,0.3219785635086855,0.3827768880128126,0.06726623136626833,0.15516816557841567,0.005420721941604041,0.0629542934581742,0.004127140569175804,0.00030799556486386595,7189,0.44283602316126647,3297,0.2030922754712332,2072,0.12763336207958606,3676,0.22643833928791426,3346,0.2061106320068991,7110,9124,3555.0,1824.8,1.9481587023235423,5232,11002,1744.0,1222.4444444444443,1.4266497000545357,0.32228655907354936,Manhattan,12,Manhattan Community District 12,MN 12,2021,2023
201,5878,100606,5.611136815229205,58.425938810806514,1047.5595576366095,0.6192582511058183,0.18645797890438925,0.04763525008506295,0.07978904389248044,0.0027220142905750254,0.06328683225586934,0.0006805035726437564,0.0001701258931609391,2114,0.35964613814222524,1249,0.21248724055801294,1067,0.181524328002722,1448,0.2463422932970398,1650,0.28070772371554953,2341,3537,1170.5,707.4,1.6546508340401471,1763,4115,587.6666666666666,457.22222222222223,1.2852976913730254,0.2999319496427356,Bronx,1,Bronx Community District 1,BX 1,2021,2023
202,2331,55971,5.742061561179732,41.64656697218202,405.9517605591616,0.5594165594165594,0.2548262548262548,0.04032604032604033,0.08022308022308022,0.00429000429000429,0.06006006006006006,0.000429000429000429,0.000429000429000429,1133,0.48605748605748605,466,0.19991419991419992,275,0.11797511797511798,457,0.19605319605319604,467,0.20034320034320036,1069,1262,534.5,252.4,2.117670364500792,677,1654,225.66666666666666,183.77777777777777,1.2279322853688028,0.2904332904332904,Bronx,2,Bronx Community District 2,BX 2,2021,2023
203,7813,88856,4.161660510910736,87.92878364995047,1877.375624349091,0.583002687827979,0.30410853705362856,0.020606681172404967,0.05017278894150774,0.008319467554076539,0.032637911173684885,0.0002559836170485089,0.0008959426596697811,2942,0.3765519006783566,1592,0.20376295917061307,1289,0.16498144118776398,1990,0.25470369896326633,1984,0.25393574811212083,3224,4589,1612.0,917.8,1.756373937677054,2601,5212,867.0,579.1111111111111,1.4971220260936302,0.33290669397158584,Bronx,3,Bronx Community District 3,BX 3,2021,2023
204,10247,153883,5.1580060932322,66.58955180234334,1986.6203751571852,0.42529520835366447,0.3788425880745584,0.035034644286132524,0.12237728115546014,0.008587879379330535,0.029179271982043526,9.758953840148337e-05,0.0005855372304089002,5023,0.4901922513906509,2329,0.22728603493705474,1183,0.11544842392895481,1712,0.16707328974333951,2067,0.2017175758758661,4549,5698,2274.5,1139.6,1.9958757458757461,4125,6122,1375.0,680.2222222222222,2.0213982358706306,0.40255684590611884,Bronx,4,Bronx Community District 4,BX 4,2021,2023
205,10348,137347,3.559644539813331,75.34201693520791,2907.031835415413,0.3971781986857364,0.3535948975647468,0.03604561267877851,0.18322381136451488,0.0023192887514495554,0.026961731735601083,9.663703131039814e-05,0.0005798221878623889,4921,0.4755508310784693,2455,0.23724391186702745,1203,0.11625434866640896,1769,0.17095090838809432,2208,0.2133745651333591,4479,5869,2239.5,1173.8,1.9079059464985517,4684,5664,1561.3333333333333,629.3333333333334,2.4809322033898304,0.4526478546579049,Bronx,5,Bronx Community District 5,BX 5,2021,2023
206,5801,87409,3.9633372286099706,66.36616366735691,1463.665508482239,0.5095673159800035,0.24099293225305982,0.10722289260472333,0.08619203585588692,0.003102913290811929,0.05033614893983796,0.0005171522151353214,0.002068608860541286,2604,0.44888812273745904,1062,0.18307188415790382,821,0.14152732287536632,1314,0.22651267022927082,1245,0.21461816928115843,2500,3301,1250.0,660.2,1.8933656467737048,2035,3766,678.3333333333334,418.44444444444446,1.621083377588954,0.3508015859334597,Bronx,6,Bronx Community District 6,BX 6,2021,2023
207,9050,139443,4.95231816023113,64.90107068838164,1827.4270164374147,0.6191160220994475,0.22441988950276243,0.020883977900552485,0.06740331491712707,0.004972375690607734,0.06276243093922652,0.00022099447513812155,0.00022099447513812155,3621,0.4001104972375691,1854,0.2048618784530387,1359,0.1501657458563536,2216,0.24486187845303867,2145,0.23701657458563535,3696,5354,1848.0,1070.8,1.7258124766529699,2736,6314,912.0,701.5555555555555,1.2999683243585682,0.30232044198895025,Bronx,7,Bronx Community District 7,BX 7,2021,2023
208,4954,106607,8.553868401243216,46.46974401305731,579.1531699599199,0.5647961243439644,0.16330238191360516,0.018974566007266856,0.08760597496972143,0.010092854259184497,0.14170367379895035,0.011707710940654016,0.0018167137666532096,1966,0.39685102947113443,855,0.1725878078320549,757,0.15280581348405328,1376,0.27775534921275735,1120,0.22607993540573273,2043,2911,1021.5,582.2,1.7545517004465818,1399,3555,466.3333333333333,395.0,1.180590717299578,0.2823980621719822,Bronx,8,Bronx Community District 8,BX 8,2021,2023
209,7041,172669,10.617208739394169,40.77744123148915,663.168651274136,0.577900866354211,0.23675614259338162,0.02797898025848601,0.08265871325095867,0.004260758414997869,0.06945036216446528,0.0007101264024996449,0.000284050560999858,3071,0.43615963641528194,1477,0.20977133929839512,828,0.1175969322539412,1665,0.23647209203238176,1388,0.19713108933390144,3202,3839,1601.0,767.8,2.085178431883303,2188,4853,729.3333333333334,539.2222222222222,1.3525654234494129,0.3107513137338446,Bronx,9,Bronx Community District 9,BX 9,2021,2023
210,3093,129124,16.625450031296722,23.953718905857937,186.04007676048198,0.48496605237633367,0.18978338182993856,0.10184287099903007,0.11024894924021986,0.006142903330100227,0.10572259941804074,0.00032331070158422246,0.0009699321047526673,1391,0.4497251859036534,607,0.19624959586162302,409,0.13223407694794698,686,0.2217911412867766,609,0.19689621726479145,1393,1700,696.5,340.0,2.0485294117647057,900,2193,300.0,243.66666666666666,1.2311901504787963,0.2909796314258002,Bronx,10,Bronx Community District 10,BX 10,2021,2023
211,3728,117283,9.31922578972913,31.786362899994028,400.0332306690851,0.6936695278969958,0.0992489270386266,0.0407725321888412,0.060085836909871244,0.000536480686695279,0.10407725321888411,0.001072961373390558,0.000536480686695279,1309,0.3511266094420601,602,0.16148068669527896,556,0.14914163090128754,1261,0.3382510729613734,841,0.2255901287553648,1484,2244,742.0,448.8,1.6532976827094474,877,2851,292.3333333333333,316.77777777777777,0.9228340933005963,0.23524678111587982,Bronx,11,Bronx Community District 11,BX 11,2021,2023
212,41718,161037,14.390790777933818,259.05847724436,2898.9372886977467,0.9402655927896831,0.028716621122776738,0.012320820748837433,0.008821132364926411,0.001054700608849897,0.008509516275948032,9.588187353180882e-05,0.00021573421544656982,11063,0.26518529172060024,9013,0.2160458315355482,8262,0.1980440097799511,13380,0.32072486696390046,12534,0.3004458507119229,13565,28153,6782.5,5630.6,1.2045785529073278,19901,21817,6633.666666666667,2424.1111111111113,2.736535729018655,0.4770362912891318,Bronx,12,Bronx Community District 12,BX 12,2021,2023
301,9842,201535,12.234549579232171,48.83518991738408,804.4431825023242,0.36161349319244057,0.1630766104450315,0.1374720585246901,0.09337533021743548,0.009754115017272911,0.229831335094493,0.004369030684820158,0.0005080268238162975,3310,0.33631375736638897,1647,0.16734403576508838,1680,0.17069701280227595,3205,0.3256451940662467,2413,0.24517374517374518,4334,5508,2167.0,1101.6,1.967138707334786,2569,7273,856.3333333333334,808.1111111111111,1.0596727622714148,0.26102418207681366,Brooklyn,1,Brooklyn Community District 1,BK 1,2021,2023
302,8957,126308,7.368861040022447,70.91395636064223,1215.5202752978926,0.4527185441554092,0.11130959026459752,0.05068661382159205,0.06173942168136653,0.00267946857206654,0.24729262029697444,0.07178742882661605,0.0017863123813776935,1682,0.18778608909233002,1350,0.15072010717874287,2284,0.2549960924416657,3641,0.40649771128726137,3063,0.3419671765099922,2879,6078,1439.5,1215.6,1.1841888779203686,2144,6813,714.6666666666666,757.0,0.9440774988991633,0.23936585910461092,Brooklyn,2,Brooklyn Community District 2,BK 2,2021,2023
303,8374,182441,7.382018817938141,45.8997703367116,1134.3780348610555,0.5431096250298543,0.15261523764031526,0.09410078815380941,0.06615715309290661,0.0059708621925005975,0.13458323381896345,0.0021495103893002148,0.0013135896823501315,3268,0.390255552901839,1245,0.14867446859326486,1231,0.1470026271793647,2630,0.31406735132553143,1757,0.209816097444471,3498,4876,1749.0,975.2,1.7934782608695652,2284,6090,761.3333333333334,676.6666666666666,1.1251231527093597,0.27274898495342725,Brooklyn,3,Brooklyn Community District 3,BK 3,2021,2023
304,7318,115024,5.26400467308352,63.621505077201284,1390.1963342508398,0.4569554523093741,0.18352008745558895,0.14197868270019132,0.09292156326865264,0.004099480732440558,0.11861164252528013,0.0015031429352282044,0.00040994807324405577,3273,0.44725334790926485,1474,0.2014211533205794,968,0.132276578300082,1603,0.2190489204700738,1613,0.22041541404755396,3572,3746,1786.0,749.2,2.383876134543513,2078,5240,692.6666666666666,582.2222222222222,1.1896946564885496,0.28395736540038263,Brooklyn,4,Brooklyn Community District 4,BK 4,2021,2023
305,7021,205303,14.44486718957917,34.19823382999761,486.0550054115483,0.5863837060247828,0.17988890471442814,0.08075772681954138,0.07876370887337986,0.002848597065945022,0.06736932060959977,0.0009970089730807576,0.0029910269192422734,2964,0.42216208517305226,1400,0.19940179461615154,808,0.11508332146417889,1849,0.26335279874661727,1339,0.19071357356501922,3178,3843,1589.0,768.6,2.0673952641165756,2322,4699,774.0,522.1111111111111,1.4824430729942542,0.33072211935621704,Brooklyn,5,Brooklyn Community District 5,BK 5,2021,2023
306,6475,120661,7.9431327669611,53.662741067950705,815.1695546286605,0.16,0.10610038610038611,0.05405405405405406,0.053899613899613896,0.005714285714285714,0.22007722007722008,0.3996911196911197,0.0004633204633204633,1347,0.20803088803088804,905,0.13976833976833977,1469,0.22687258687258688,2754,0.42532818532818534,1922,0.29683397683397683,2142,4333,1071.0,866.6,1.235864297253635,1315,5160,438.3333333333333,573.3333333333334,0.7645348837209301,0.2030888030888031,Brooklyn,6,Brooklyn Community District 6,BK 6,2021,2023
307,3479,124433,9.673366329355831,27.95882121302227,359.64729149585236,0.3492382868640414,0.19143432020695603,0.11670020120724346,0.08738143144581777,0.05978729519977005,0.18741017533774074,0.0077608508192009195,0.0002874389192296637,1145,0.3291175625179649,540,0.15521701638401839,548,0.1575165277378557,1246,0.358148893360161,801,0.23023857430296063,1337,2142,668.5,428.4,1.5604575163398693,836,2643,278.6666666666667,293.6666666666667,0.9489216799091941,0.24029893647599884,Brooklyn,7,Brooklyn Community District 7,BK 7,2021,2023
308,7377,110281,4.237047583470489,66.89275577842058,1741.0708411156506,0.34404229361529076,0.09217839230039311,0.04554697031313542,0.06113596312864308,0.0031177985631015317,0.14368984682120103,0.31015317879896975,0.00013555645926528398,1963,0.26609732953775245,1000,0.13555645926528398,1482,0.20089467263115088,2932,0.39745153856581267,1930,0.2616239663819981,2544,4833,1272.0,966.6,1.3159528243327125,1743,5634,581.0,626.0,0.9281150159744409,0.23627490849939,Brooklyn,8,Brooklyn Community District 8,BK 8,2021,2023
309,4789,99978,4.209735851082984,47.900538118386045,1137.6010679548924,0.49196074337022344,0.19335978283566507,0.0549175193150971,0.08498642722906662,0.003758613489246189,0.15702651910628523,0.012111087909793277,0.0018793067446230946,1502,0.31363541449154314,728,0.15201503445395698,757,0.15807057840885363,1802,0.37627897264564625,1074,0.2242639381916893,1672,3117,836.0,623.4,1.3410330445941612,1033,3756,344.3333333333333,417.3333333333333,0.8250798722044729,0.2157026519106285,Brooklyn,9,Brooklyn Community District 9,BK 9,2021,2023
310,3321,127569,10.343856356738288,26.032970392493475,321.0601428969578,0.4513700692562481,0.10960554049984944,0.10870219813309244,0.11412225233363445,0.010538994278831678,0.20264980427582055,0.0027100271002710027,0.00030111412225233364,1025,0.30864197530864196,497,0.1496537187594098,553,0.1665161096055405,1246,0.3751881963264077,815,0.2454080096356519,1282,2039,641.0,407.8,1.5718489455615496,825,2496,275.0,277.3333333333333,0.9915865384615385,0.24841915085817526,Brooklyn,10,Brooklyn Community District 10,BK 10,2021,2023
311,3699,188487,9.588104413840973,19.624695602349234,385.7905421493203,0.570154095701541,0.08623952419572857,0.11408488780751555,0.09299810759664774,0.004325493376588267,0.1281427412814274,0.0010813733441470668,0.0029737766964044337,1174,0.3173830765071641,640,0.1730197350635307,673,0.181941065152744,1212,0.32765612327656124,959,0.25925925925925924,1388,2311,694.0,462.2,1.5015144958892255,788,2911,262.6666666666667,323.44444444444446,0.8120920645826177,0.21303054879697214,Brooklyn,11,Brooklyn Community District 11,BK 11,2021,2023
312,3372,192058,9.245891692148366,17.557196263628697,364.70252002448944,0.42526690391459077,0.16548042704626334,0.060794780545670224,0.19661921708185054,0.00741399762752076,0.13997627520759193,0.002372479240806643,0.0020759193357058124,840,0.2491103202846975,616,0.1826809015421115,637,0.18890865954922895,1279,0.379300118623962,957,0.28380782918149466,1135,2237,567.5,447.4,1.2684398748323649,813,2559,271.0,284.3333333333333,0.9531066822977726,0.2411032028469751,Brooklyn,12,Brooklyn Community District 12,BK 12,2021,2023
313,2858,110299,8.199825561345696,25.91138632263212,348.5439999446727,0.6648005598320503,0.15115465360391883,0.016794961511546535,0.043037088873338,0.005598320503848845,0.11756473058082575,0.0003498950314905528,0.0006997900629811056,982,0.3435969209237229,464,0.16235129461161651,442,0.15465360391882435,970,0.33939818054583626,631,0.22078376487053883,1032,1826,516.0,365.2,1.4129244249726178,829,2029,276.3333333333333,225.44444444444446,1.2257269590931492,0.2900629811056683,Brooklyn,13,Brooklyn Community District 13,BK 13,2021,2023
314,5808,164539,7.634075782339167,35.29862221114751,760.7993640089807,0.6113980716253443,0.13360881542699724,0.04321625344352617,0.09142561983471074,0.0032713498622589533,0.11053719008264463,0.004476584022038568,0.002066115702479339,1709,0.29424931129476584,899,0.15478650137741046,1056,0.18181818181818182,2144,0.3691460055096419,1473,0.25361570247933884,1945,3863,972.5,772.6,1.2587367331089827,1366,4442,455.3333333333333,493.55555555555554,0.9225574065736155,0.23519283746556474,Brooklyn,14,Brooklyn Community District 14,BK 14,2021,2023
315,3483,157254,12.23022608557017,22.148880155671716,284.7862317205581,0.6072351421188631,0.09072638530002872,0.06603502727533735,0.06316393913293138,0.004880849842090152,0.165374677002584,0.0017226528854435831,0.0008613264427217916,881,0.2529428653459661,620,0.17800746482917026,684,0.19638242894056848,1298,0.37266724088429515,977,0.28050531151306346,1197,2286,598.5,457.2,1.3090551181102363,793,2690,264.3333333333333,298.8888888888889,0.8843866171003716,0.22767728969279358,Brooklyn,15,Brooklyn Community District 15,BK 15,2021,2023
316,3647,94660,4.809348896368226,38.527361081766315,758.3147071642126,0.7046887853029887,0.1288730463394571,0.02275843158760625,0.041678091582122295,0.02056484782012613,0.0781464217164793,0.0021935837674801205,0.0010967918837400603,1407,0.3857965451055662,695,0.19056758979983549,534,0.14642171647929805,1011,0.27721414861530025,813,0.22292295037016727,1448,2199,724.0,439.8,1.6462028194633924,1069,2578,356.3333333333333,286.44444444444446,1.2439875872769588,0.29311763092953114,Brooklyn,16,Brooklyn Community District 16,BK 16,2021,2023
317,5429,158546,8.715866129915602,34.24242806504106,622.8870337241596,0.6743414993553141,0.11125437465463253,0.06538957450727574,0.0652053785227482,0.0007367839381101492,0.0804936452385338,0.0005525879535826119,0.0020261558298029104,2123,0.39104807515196166,999,0.18401178854300976,791,0.145699023761282,1516,0.27924111254374656,1192,0.21956161355682446,2190,3239,1095.0,647.8,1.690336523618401,1445,3984,481.6666666666667,442.6666666666667,1.0881024096385543,0.2661631976422914,Brooklyn,17,Brooklyn Community District 17,BK 17,2021,2023
318,3402,200230,21.89407473422202,16.990460969884634,155.38450659814495,0.569077013521458,0.09964726631393298,0.14315108759553205,0.059082892416225746,0.0029394473838918285,0.11816578483245149,0.003527336860670194,0.004409171075837742,1473,0.4329805996472663,584,0.17166372721928277,443,0.130217519106408,902,0.26513815402704294,669,0.1966490299823633,1491,1911,745.5,382.2,1.9505494505494505,995,2407,331.6666666666667,267.44444444444446,1.240132945575405,0.2924750146972369,Brooklyn,18,Brooklyn Community District 18,BK 18,2021,2023
401,9518,175716,15.927165520674146,54.1669512167361,597.5953466199134,0.3588989283462912,0.1668417734818239,0.18165581004412693,0.09970582055053583,0.005463332632906073,0.17051901660012608,0.015654549275057786,0.0012607690691321706,3609,0.37917629754150034,2150,0.22588779155284724,1359,0.14278209707921832,2400,0.25215381382643415,2125,0.22326118932548855,4076,5442,2038.0,1088.4,1.8724733553840498,2360,7158,786.6666666666666,795.3333333333334,0.9891031014249789,0.2479512502626602,Queens,1,Queens Community District 1,QN 1,2021,2023
402,5658,124372,13.006979426280374,45.49255459428167,434.9972283778746,0.3543655001767409,0.2150936726758572,0.09261223047013079,0.08660303994344291,0.012725344644750796,0.22198656769176386,0.016260162601626018,0.0003534817956875221,1712,0.3025804171085189,898,0.1587133262636974,941,0.16631318487097915,2107,0.37239307175680453,1384,0.24460940261576528,2278,3380,1139.0,676.0,1.6849112426035502,1516,4142,505.3333333333333,460.22222222222223,1.098020280057943,0.2679392011311417,Queens,2,Queens Community District 2,QN 2,2021,2023
403,6156,161901,7.754822098048157,38.02323642225805,793.8286555341391,0.5190058479532164,0.22287199480181935,0.0726120857699805,0.08576998050682261,0.0242040285899935,0.07179987004548408,0.0008122157244964262,0.0029239766081871343,2479,0.4026965562053281,1243,0.20191682910981157,803,0.13044184535412606,1631,0.26494476933073424,1269,0.20614035087719298,2797,3359,1398.5,671.8,2.081720750223281,1755,4401,585.0,489.0,1.196319018404908,0.2850877192982456,Queens,3,Queens Community District 3,QN 3,2021,2023
404,5631,175166,6.107249884043264,32.14664946393707,922.0189294550421,0.48907831646244004,0.1914402415201563,0.17723317350381815,0.05665068371514829,0.022020955425324097,0.061978334221275085,0.0003551767004084532,0.0012431184514295863,2500,0.4439708755105665,1264,0.22447167465814244,715,0.12697567039602203,1152,0.20458177943526903,1250,0.22198543775528326,2640,2991,1320.0,598.2,2.206619859578736,1444,4187,481.3333333333333,465.22222222222223,1.0346310007165034,0.2564375776949032,Queens,4,Queens Community District 4,QN 4,2021,2023
405,5053,184935,19.54577451968215,27.323113526374133,258.5213492006543,0.4816940431426875,0.15337423312883436,0.12111616861270533,0.10370077181872155,0.011874134177716208,0.12487631110231545,0.001187413417771621,0.0021769245992479713,2151,0.42568771027112606,860,0.17019592321393232,686,0.1357609340985553,1356,0.2683554324163863,1031,0.20403720562042352,2310,2743,1155.0,548.6,2.1053590958804227,1273,3780,424.3333333333333,420.0,1.0103174603174603,0.25192954680387886,Queens,5,Queens Community District 5,QN 5,2021,2023
406,4052,122344,7.6831404849640625,33.119727980121624,527.3885083748996,0.6172260612043435,0.06564659427443238,0.03677196446199408,0.07206317867719644,0.004195459032576505,0.20236920039486672,0.0014807502467917078,0.00024679170779861795,1310,0.3232971372161895,747,0.18435340572556763,631,0.15572556762092793,1364,0.3366238894373149,930,0.2295162882527147,1402,2650,701.0,530.0,1.3226415094339623,887,3165,295.6666666666667,351.6666666666667,0.8407582938388626,0.21890424481737414,Queens,6,Queens Community District 6,QN 6,2021,2023
407,9876,250032,30.497578973532725,39.498944135150694,323.8289835586907,0.33232077764277035,0.17608343458890238,0.03422438234102876,0.07017010935601459,0.01751721344673957,0.10358444714459296,0.2656946132037262,0.0004050222762251924,2950,0.29870392871607937,1507,0.15259214256784123,1714,0.17355204536249494,3705,0.37515188335358446,2353,0.23825435398946943,3605,6271,1802.5,1254.2,1.437171105086908,2797,7079,932.3333333333334,786.5555555555555,1.1853369119932196,0.2832118266504658,Queens,7,Queens Community District 7,QN 7,2021,2023
408,8851,159983,19.282032147578345,55.32462824175068,459.0283810470469,0.2580499378601288,0.020901593040334426,0.007343802960117501,0.48197943735171167,0.0014687605920235003,0.14710202237035364,0.01276691899220427,0.0703875268331262,947,0.1069935600497119,727,0.0821376115693142,1557,0.1759123262908146,5620,0.6349565020901593,1918,0.21669867811546717,2525,6326,1262.5,1265.2,0.9978659500474233,1747,7104,582.3333333333334,789.3333333333334,0.7377533783783784,0.19737882725115807,Queens,8,Queens Community District 8,QN 8,2021,2023
409,4189,150819,9.97549966149471,27.775015084306354,419.928839872501,0.6287896872761995,0.11554070183814753,0.054905705418954405,0.10336595846264025,0.0023872045834328003,0.09262353783719265,0.0011936022917164002,0.0011936022917164002,1925,0.459536882310814,739,0.17641441871568395,585,0.1396514681308188,940,0.2243972308426832,883,0.21079016471711626,2019,2170,1009.5,434.0,2.326036866359447,1292,2897,430.6666666666667,321.8888888888889,1.337935795650673,0.3084268321795178,Queens,9,Queens Community District 9,QN 9,2021,2023
410,7622,138303,15.986054149315109,55.11087973507444,476.79057813816735,0.33154027814221987,0.06822356336919444,0.03240619260036736,0.07019155077407505,0.001574389923904487,0.040934138021516665,0.45447389136709526,0.0006559958016268696,2327,0.3053004460771451,864,0.11335607452112306,1470,0.19286276567829966,2961,0.3884807137234322,1817,0.2383888743112044,3023,4599,1511.5,919.8,1.6432920200043488,2391,5231,797.0,581.2222222222222,1.371248327279679,0.31369719233796906,Queens,10,Queens Community District 10,QN 10,2021,2023
411,1719,123356,24.18756635963625,13.93527675994682,71.06957245887435,0.4077952297847586,0.06340895869691682,0.10413030831879,0.07446189645142524,0.012216404886561954,0.32693426410703896,0.008726003490401396,0.002326934264107039,551,0.3205351948807446,214,0.12449098312972659,303,0.1762652705061082,651,0.3787085514834206,410,0.2385107620709715,677,1042,338.5,208.4,1.6242802303262955,489,1230,163.0,136.66666666666666,1.1926829268292685,0.2844677137870855,Queens,11,Queens Community District 11,QN 11,2021,2023
412,8394,257420,24.835399090980083,32.60818895190739,337.9853075543529,0.7203955206099595,0.10841076959733142,0.04419823683583512,0.05920895878008101,0.0033357159876101976,0.062068143912318324,0.0015487252799618776,0.0008339289969025494,3756,0.4474624731951394,1753,0.20883964736716704,1025,0.12211103168930189,1860,0.2215868477483917,1730,0.20609959494877295,3728,4666,1864.0,933.2,1.997428204029147,3109,5285,1036.3333333333333,587.2222222222222,1.7648060548722801,0.37038360733857517,Queens,12,Queens Community District 12,QN 12,2021,2023
413,2819,206684,32.558757323786004,13.63917864953262,86.58192854125184,0.5501951046470379,0.09648811635331678,0.05746718694572543,0.12841433132316424,0.0046115643845335225,0.1610500177367861,0.001064207165661582,0.000709471443774388,1241,0.4402270308620078,449,0.15927633912735012,387,0.13728272437034408,742,0.26321390564029795,552,0.1958141184817311,1289,1530,644.5,306.0,2.1062091503267975,1079,1740,359.6666666666667,193.33333333333334,1.860344827586207,0.38275984391628237,Queens,13,Queens Community District 13,QN 13,2021,2023
414,2907,134226,18.16908142512473,21.65750301729918,159.99708141437006,0.6694186446508428,0.12074303405572756,0.030959752321981424,0.05503955968352253,0.006191950464396285,0.11695906432748537,0.0003439972480220158,0.0003439972480220158,942,0.3240454076367389,501,0.17234262125902994,485,0.16683866529067767,979,0.33677330581355347,712,0.24492604059167528,1085,1822,542.5,364.4,1.488748627881449,791,2116,263.6666666666667,235.11111111111111,1.1214555765595464,0.27210182318541454,Queens,14,Queens Community District 14,QN 14,2021,2023
501,4281,182838,35.04485143900976,23.414169920913594,122.15774426809683,0.5519738378883439,0.1296426068675543,0.07054426535856108,0.11422564821303434,0.002803083391730904,0.12286848867087129,0.007241298761971502,0.000700770847932726,1441,0.3366035972903527,635,0.14832982947909368,704,0.16444755898154637,1501,0.35061901424900727,996,0.23265592151366504,1734,2547,867.0,509.4,1.7020023557126032,1038,3243,346.0,360.3333333333333,0.9602220166512488,0.2424667133847232,Staten Island,1,Staten Island Community District 1,SI 1,2021,2023
502,1817,141364,54.9515152834954,12.853343142525679,33.065512217926646,0.542652724270776,0.06604292790313704,0.031920748486516236,0.10181618051733626,0.003852504127682994,0.2526141992294992,0.001100715465052284,0.0,544,0.2993946064942212,246,0.13538800220143093,356,0.19592735277930656,671,0.3692900385250413,485,0.26692350027517886,734,1083,367.0,216.6,1.6943674976915974,492,1325,164.0,147.22222222222223,1.1139622641509432,0.27077600440286187,Staten Island,2,Staten Island Community District 2,SI 2,2021,2023
503,1582,168027,55.77200026965786,9.415153516994291,28.365487921376737,0.450063211125158,0.08091024020227561,0.02781289506953224,0.12262958280657396,0.0037926675094816687,0.309102402022756,0.0031605562579013905,0.0025284450063211127,321,0.20290771175726927,172,0.10872313527180784,397,0.2509481668773704,692,0.43742098609355246,485,0.3065739570164349,584,998,292.0,199.6,1.462925851703407,418,1164,139.33333333333334,129.33333333333334,1.077319587628866,0.26422250316055623,Staten Island,3,Staten Island Community District 3,SI 3,2021,2023
