ntacode,rate_per_1k_pop,rate_per_km2,share_noise___residential,share_noise___street/sidewalk,share_noise___commercial,share_noise___vehicle,share_noise___park,share_noise,share_noise___helicopter,share_noise___house_of_worship,share_evening,share_early_am,share_core_night,share_predawn,late_night_share,weekend_uplift,warm_season_ratio
BK0101,0.2617570199609325,-0.2121167544185698,-1.3454790784528519,-0.11642888396014989,1.8625916532673823,0.04933851045987065,0.4504491662247793,1.644195865354286,-0.24358337275874,-0.2481678884240495,-0.482455397183994,-0.34898195758057227,0.8116151779787114,0.2742805078470157,0.8503767354638154,0.48789766609002655,-0.4921357547816601
BK0102,0.1483353937228843,0.31683178035593956,-1.1709352247969387,0.37249938919262093,1.7843590986890654,0.5137499253269183,1.1707471526232947,0.6962356165748319,-0.26798287923934755,-0.08118820982638582,0.34774290500057164,-0.20228856962122876,-0.27828519818632547,-0.1626150733248758,-0.5552188522088543,0.683340368260669,-0.17226701383188422
BK0103,-0.4973694235441445,-0.3778568312833019,1.8703019489786699,-1.003448916188311,-0.948584650206683,-1.012510709751938,-0.33717890778809045,-0.8278207589640826,-0.28273886812500804,-0.0520949547436153,-1.4987850393928572,0.27365493445459343,2.6904469798319104,0.269072880790776,3.3383130066057998,-1.3619259930221836,-0.3476962437460881
BK0104,0.25840086649717087,-0.2591827343040195,-0.4853443437719777,0.2697744631551939,1.5210946167729233,-0.09031497045697695,-0.41719899558363405,0.3151660549109946,-0.28665484199676816,-0.2481678884240495,-0.01883538511076625,0.23442739756951117,-0.21357466560148103,0.025678594344695004,-0.039223115043236605,0.8890828050127988,-0.17107640823318554
BK0201,0.10544272260446962,0.4134363638685394,-2.06012604591846,-0.28587155038912154,-0.6206794216474012,0.4012551140447118,0.14941187430237252,1.3096529513123147,1.9499604635612888,-0.2481678884240495,-1.642223695919724,-1.4353429675680467,1.1936760056223152,1.716486871422026,0.8434126139384546,-1.1701141287649977,-0.14913444498819914
BK0202,1.14562681924744,0.9859815094370681,0.7511981703086055,-0.7422388239014811,-0.6209656809994883,-0.9531430090331956,-0.5145229359781801,0.1338662331187346,0.11204042590053445,-0.1514443138949747,-1.6892322900783665,-0.31933343242081447,2.7853566979101934,0.6470507715546109,3.1692561818658986,-1.4202585715063278,-0.4900863615126801
BK0203,0.01945828281067302,0.02362974433619039,-1.2784122689579738,-0.07320212186821158,0.5759890993630201,0.22919718042338963,-0.23032416348841134,2.0151169515775673,-0.26443133220543047,0.5779118902883298,-1.1392669627666305,-0.4560630318727401,1.309359365781748,0.776922202970261,1.3992425007993665,-0.6678271124762097,-0.8632220958777793
BK0204,-0.06393125325577553,-0.10054432338580192,-0.4661646751384584,-0.3584805103968983,0.27560984966203167,-0.2509495831679535,-0.4278108772475107,1.3747078252029221,-0.25547036718009863,0.26712554079224954,-1.1572924058721188,-0.2335018032716158,1.3900682799401665,0.6767526904092763,1.5686824024263202,-0.7785196109993684,-0.36927170668903
BK0301,-0.04739725927421214,0.15186412212670758,-0.192514621048999,0.22291682575722832,0.9471790224294053,-0.2648614813436963,0.03901175296149172,0.18078970554473955,-0.2874481951374399,0.01794922037390973,0.10472666564470776,-1.1332899787035464,0.11926328286902665,0.26339429856274077,-0.26069134797610466,0.008022051509343587,-0.137954647417215
BK0302,0.041523613959136584,0.18779726810469824,0.6470954123805412,-0.1661665629462615,0.32316782767632235,-0.4463365272412863,-0.026717114909531225,-0.4542722036048952,-0.28616961317932404,-0.11695624908820387,0.5553713811942247,-0.09947939934368927,-0.5057117205341917,-0.3165110251838567,-0.5328218321045555,0.1485750389221783,-0.11643460647093042
BK0401,0.5478328025744993,0.9300499040019607,-0.4220357498030859,0.380177553913937,2.2938700133078136,0.012133814203571706,-0.2566159008143059,-0.30015437491663344,-0.2872936817299906,-0.1458273815762131,1.0109981836694482,0.9612599225822507,-0.670640406847331,-1.1140429793948707,-0.23459975413959216,1.424331954164361,-0.1438415036922123
BK0402,0.06983666952633938,0.18203112974699243,0.09392505951544436,0.3045467478911271,0.6118025205543364,0.17519265693463668,-0.108595016646576,-0.3950223336924183,-0.2985038706882047,-0.2481678884240495,0.7892460919533361,0.6162898974490824,-0.5281273605826742,-0.8174294884846655,-0.3165412696678706,1.3512862005904347,0.232660502678085
BK0501,-0.020728427536222043,-0.10874890673606345,-0.010285327852544875,0.7129382467046462,1.406837410000684,0.3671704942637389,-0.6014255706621037,-0.9760011160999128,-0.30372171731650094,-0.17034137685719988,1.2933764615967867,1.3218584774636213,-1.1998697160398237,-1.3093012663501584,-1.304160838479716,1.2647782213433219,0.9441620081213296
BK0502,-0.19431044039225304,-0.33173850539348887,0.41869770659976985,0.5968652294269294,0.2283709972970152,-0.5669250153629207,-0.27352505626078505,-0.5705177803079104,-0.28289182461348145,-0.2481678884240495,0.7535491215688868,0.5296735798635367,-1.1147504064163216,-0.4898959798470085,-1.1318449455796187,1.279066991282986,0.7531483188624231
BK0503,-0.1590826308267896,-0.4516962889120987,0.7725081704558364,0.178492661518816,0.2023725714336566,-0.4945223946324535,-0.44752141009240226,-0.8001913986620962,-0.30372171731650094,-0.019771889471257555,0.8818248577890645,0.6912999021165434,-1.1252489681318554,-0.6789153352354501,-1.0903255403840686,0.944730270384201,0.8606648507216481
BK0504,-0.4111941690117305,-0.7222316080537428,0.8696790926326173,-0.6853832366365769,-0.9036444875555291,0.20745378054094982,0.5042769460565327,-0.22297354962949137,-0.30372171731650094,-0.2481678884240495,-1.1852838145389128,0.09213528970468846,0.5897424551848981,0.9358716190197572,1.1306257862965468,-0.7870808701145479,-0.7330709343983772
BK0505,-0.31221705018085544,-0.4438583194172144,1.0526046898195667,-0.11767286625302888,-0.660026987227874,-0.018303102451487144,-0.37904270494004083,-1.008984458339253,-0.2919493172832214,1.6219419726643165,0.0628491857132597,0.5314741745009515,-0.8189549965573746,0.09595662601784824,-0.3196601793178861,-0.18575240176980956,0.22404134026955605
BK0601,0.5102174943476537,-0.1117312922194529,-1.8602351443463758,-0.42971176755097923,-0.3959438478855016,-0.8299249478830832,-0.47476980029565574,0.1443874136053961,3.3219226084192246,-0.2481678884240495,-1.2140161928182966,-0.5053962485733959,1.6067447590161257,0.7421417833714952,1.5219986542254347,-1.187269097133179,-0.9762052818485697
BK0602,-0.21928156681680647,-0.13074256648966825,-1.9346029688926336,-0.7193882722565598,0.30983767698026893,0.14713901983995398,-0.49940456525352844,1.8139380488164216,1.4501686696003557,-0.02106691833129917,-1.4586508535976366,-1.3131998806372691,1.0518991182601949,1.5426313948383001,0.8609332663552536,-0.7792071671177294,-0.7101366701061923
BK0701,-0.44197068783576937,-0.5283435980998568,-1.198277995160521,-0.7138025918444844,0.570729782983723,0.542754610471452,-0.6014255706621037,2.097909186643472,-0.07395338333363274,-0.2481678884240495,-1.6415918188758267,-1.2540050567926153,0.8883065120240717,1.7822333869332205,0.5794594684475196,-1.0852748657682894,-0.6881814882482149
BK0702,-0.21067190630193297,-0.5140799591941771,-0.9567899317048362,0.24250493619127628,1.4118064367858887,-0.10440234003860877,9.83909047914796,0.19136384545848162,-0.2814356225285994,-0.2481678884240495,-0.2109033551621998,-0.4670891172530359,-0.01846282668566709,0.4019135028186862,0.07796300321478357,-0.43155355188807504,-0.26512515768490275
BK0703,-0.33772592154455733,-0.25839514907855254,-0.44844314874311353,1.3214120335872848,0.869424548154221,-0.0842073880144776,1.2786506429985138,-0.4531722074135747,-0.30372171731650094,-0.12134696672573757,0.6230373572471722,0.27991327834283036,-0.6913773781917618,-0.44716233629648916,-0.7043330995070025,0.16948030943940295,-0.7357464643013673
BK0801,1.2200289711550687,1.7836246110344431,-2.050556176463452,-1.378070078639901,-0.7487872517912322,-1.0113921108251185,-0.3922807127973951,-0.3934984308804296,4.913775706731954,-0.19643888971793988,-1.2915515614497417,-0.41232411694762305,1.3743309960693935,0.8899625561864163,1.2712283516233238,-1.420848880972205,-1.1501096061896818
BK0802,0.1265834941391809,0.3960969667784493,-0.06389084036788964,-0.25610048006615405,-0.13700359594298517,-0.10333986387777638,-0.23665402270299582,0.06875905018937573,0.3403270932639255,-0.2481678884240495,-0.3993583876302556,-1.139074458164989,0.5558295036217336,0.5965396606004321,0.08929952575829607,-0.4270286274939021,-0.09296973594285814
BK0901,-0.14051280109883943,0.09036972974620605,0.09793733297215865,0.3686767132560295,-0.5870966915990387,-0.5060976832659332,-0.6014255706621037,0.37076025499890003,-0.21197767086425517,0.3482123240699413,-1.2122542662918478,-1.072353721227795,0.6599423161067564,1.369179353733231,0.5310972754116087,-1.2495580571784175,-0.9225851867763131
BK0902,0.20375917061939938,0.24445989685190422,-0.06852064897945187,0.5402843154407388,0.11780614892007296,0.24689671448363953,0.04655069504678076,-0.2426903738940085,-0.22940014489832472,-0.19474532482759796,0.33634623721241025,-0.04902200892388632,-0.5456580416814182,-0.09058735262918145,-0.7374377738686569,-0.4991011192016891,-0.622995493838738
BK1001,-0.25079799029429695,-0.443668107081263,-0.32444067345848193,-0.4845262749894736,1.0078483277993247,0.5518679870829565,0.497713028396962,0.4460375390561206,-0.27663527794464077,-0.2481678884240495,-0.3535197505467265,-0.5402615221654918,0.06409196003432026,0.5409814774698619,0.22088626280474077,-0.1443814759433774,-0.4431229187019194
BK1002,-0.5063743272651121,-0.633235485891014,0.08925866330129188,-0.6762235541061726,0.7546933867723352,-0.14422183378330483,-0.14886287898686912,0.5172433276479148,-0.30372171731650094,-0.024298029694407388,-0.17666061063347357,-0.7552812578794639,-0.13728464696893145,0.5266066627823608,-0.4145592784359154,-0.7460591601574789,-0.26797925005906514
BK1101,-0.4431749144315202,-0.4802727364304723,0.5814479914192181,-0.6234157693864538,1.1417909825246868,-0.475189346704174,0.03225879590983629,-0.3260174365274846,-0.29533529573462886,-0.09143509511919867,-0.25619958228570094,-0.4644884073393816,0.16048476914889068,0.3692195800974903,-0.03654412302229897,-0.21350864896439353,-0.751130609466278
BK1102,-0.4883916105934564,-0.5960899517211123,0.5172835706555908,-0.8949935643681152,-0.1733496666409986,0.06741978918235683,-0.05468316598631387,0.3133452451422845,-0.30372171731650094,-0.2481678884240495,0.13476451417169696,0.09028255803733287,0.44358055339149277,-0.3687725806832282,0.20271076476299354,-0.37393039437955805,-0.5848388784061144
BK1103,-0.4217015746818314,-0.5022316101719445,0.21453852307489926,-0.9532929797939176,1.5165227441988571,0.9446374654185313,-0.5207074831854985,-0.37993709441188395,-0.29090266834062145,-0.12838107983787883,-0.5454630045864816,0.8617237986920995,1.1178097079422387,-0.248554054774831,1.7458830153090388,-1.0419086088211533,-1.0169492628691232
BK1201,-0.25071390077641464,-0.08061471904773992,0.17651838375463125,1.0414628672172135,0.0833695632747456,-0.5611851318163124,-0.49659466468083463,-0.4655212138247006,-0.28707324904909814,-0.09259730862887448,0.2185651733086587,1.3597250622960142,-0.37727129008452664,-0.5701546511029132,0.1039937530543859,-0.15577582487720817,0.800410467957173
BK1202,-0.6206073662066462,-0.6707698445376155,-1.0330676659563085,-0.7516991588940276,-0.16254172142007053,5.1053847479616925,-0.33858260852048894,-0.13586757183543044,-0.2932860240599085,0.1418948667596031,-1.4710041714462896,-1.766669161755542,1.0574177088736434,1.7228856501086591,0.3946787492796427,-1.7637537713429743,-0.9463885504012156
BK1203,-0.25450455982459635,-0.20794369345565886,-0.9939271230234116,0.47539773569739385,0.11150145181497295,2.2986011932551165,0.4126858750730078,0.1398490370117847,-0.27016886922848177,0.25348412635526807,-1.3471245412851862,1.6124152006229608,1.2977605978326667,0.22286110931648076,2.7129825215865475,-1.1596311890415305,-0.7604735233975516
BK1204,-0.4840179343155858,-0.6537815764338871,0.8219800923232177,-0.7545227324005458,-0.791405425057963,0.1749609350484551,0.947250098294359,-0.2788929449630208,-0.30372171731650094,1.5904377745073461,-1.330752811661653,-1.3034463328741945,0.19242594207630873,1.7843499749577258,-0.1988312606064537,-0.41248348511439964,-0.9401924140035129
BK1301,-0.42946303540739766,-0.6350978416862308,0.9858482919652427,-0.3162420985490917,-1.0200204314054122,-0.5947557184063657,-0.2584086720613482,-0.1394395693686209,-0.30372171731650094,-0.2481678884240495,-0.6754561039599928,-0.08296780676668684,0.2106071117795679,0.639263014778221,0.3012870677015706,-0.7668278390220467,-0.6741535363262892
BK1302,-0.3038704592219161,-0.562156550166559,0.7686372475299312,0.33526625245974884,-0.8158785993832706,-0.8396552808026073,0.0925462052587796,-0.30805871036289834,-0.30372171731650094,-0.2481678884240495,0.5362859650631182,-0.10560437424278585,0.10003549553066061,-0.5608770532605712,-0.24434331978764753,-0.39578752204901096,0.596116354585065
BK1303,-0.2479555668347673,-0.1861928713792229,1.3605038376942402,-0.41616693527576176,-1.1295615407368216,-0.8034014080791069,-0.1803175908905379,-0.5298087577691264,-0.29536206090989015,0.06429727610072757,-0.5275394566980394,-0.17588543473156218,-0.806735143429556,0.9681156679634462,-0.6271803128537048,-0.9042823029403766,-0.15683702361363883
BK1401,0.04542628749142643,0.519236502665666,0.5738511454468173,0.0953810237704369,-0.42890703658440904,0.4057826241643001,-0.5726412846684102,-0.6566459962680518,-0.26486560638641377,-0.1627352954475252,-0.41715816080949697,-0.32995056516902344,0.1027701539653896,0.5112160448106713,0.09529126133962315,-1.0090439067520454,-0.5090355334287593
BK1402,-0.33709573714883656,-0.4020565187836848,0.40657373604629216,-0.16300901995289932,-0.11820641902665142,-0.4347093093706429,-0.5089392386561991,0.10766666880660387,-0.2743457284484108,0.5753384330337741,-0.40509491946155624,0.1328332988499897,0.8098045913646202,0.014328018439676191,0.9391837880122025,-0.9673114658971774,-0.2992150027153209
BK1403,-0.3802232333595,-0.49049069279483953,1.3028448743363554,-1.2975249839018275,-0.896873844319796,-0.3861331662913499,0.7923825313987125,-0.16561372394447954,-0.2907008771802721,0.2385218458813199,-0.8570919435533104,-0.7611295457373415,1.3177082344022304,0.5947496894495747,1.057128643618059,-1.0782137082965377,-0.7667853707474444
BK1501,-0.5243763352232678,-0.6487951491493528,0.16659484403243321,-0.6729327872151324,0.15567121810186466,-0.11672765094029956,0.7560555712626967,0.5617361444196416,-0.30372171731650094,-0.04671572473866512,-0.6230375670895585,-0.6578060498215696,0.12597657621459207,0.837431608476053,0.05391601536224371,-0.7272393594048582,-0.4686135451224203
BK1502,-0.47057985722788986,-0.5961630421283127,0.009056200576980663,-0.08477051085083244,-0.737733440507706,0.6939961660587713,-0.464550916102881,0.38773005002139177,-0.29285300774220757,-0.045043922550404646,-1.5134319245749268,0.08458159177459322,0.428849192625667,1.3499510217582529,0.8137951508896099,-1.1460657836038064,-0.5069913601511957
BK1503,-0.2838837090140772,-0.5591236362797445,1.0900810451865741,-1.0092305815850515,0.3061721761794238,-0.9199067437018628,-0.29201324576480936,-0.18438272867609495,-0.28324731131802755,-0.17163916131271797,-0.8197123671789637,0.5969868079147516,1.307304541941788,0.05180741715626155,1.4978745280739985,-0.8873404667512041,-0.792092243225443
BK1601,-0.1410397016227848,-0.13396302008096025,1.0637341988654216,-0.3269805030275384,-0.30933555242019456,-0.5407980419083028,-0.4037683631128667,-0.6521147376106052,-0.2670995208081796,0.04515826469175321,0.28982005919916637,0.6209869183457194,-0.3889207685868942,-0.3622386062547261,-0.36677067206351455,0.2183216128176082,0.012511447937577299
BK1602,-0.09768948403578606,-0.17112723556965767,1.2692729117124204,-0.2398503395216274,-1.0223929328517314,-0.9085298250827368,2.6639946941109907,-0.7636293563235558,-0.2965190802658922,-0.18086329294896006,0.4172770529285547,0.4943114911943645,-0.2773206072333962,-0.49612399555174275,-0.19219343066506933,-0.37284678971294716,0.25331557969071894
BK1701,0.003021506740630944,0.15891490869463895,0.5595834637475608,-0.19698626219876317,0.09035805980058394,0.22675989426581855,-0.6014255706621037,-0.5076260579252773,-0.30372171731650094,0.24511924750997954,0.3483560445541212,-0.005585383420132178,-0.6929387244911889,-0.054531722096484186,-0.9210975032793127,-0.4685642355046781,-0.5621760253705659
BK1702,-0.30909005970721987,-0.46579626665179763,1.0696383560623441,-0.8734309101368781,0.24239213683809424,-0.6499066115482764,-0.3965386653902238,-0.3733771825924887,-0.29558706201400187,0.055887240616623854,0.678333656244158,0.590242280670671,-0.3352309719970429,-0.7774470576849584,-0.07349213215502283,0.24487354069761197,0.388352740692333
BK1703,-0.25051468675309463,-0.4195881295780202,1.011257773007045,-0.4586725854027287,0.7908105885619551,-0.6554103638041607,-0.5203769422867409,-0.8419491221632882,-0.2908501742825712,-0.127890552366191,0.6673961836760995,0.7777728169719444,-0.28062607333913775,-0.8603657651264219,0.06954765882115757,0.6530441500893419,0.24864173575517576
BK1704,-0.26797964708445665,-0.2519262982763579,1.675087150705785,-0.5849986256868228,-0.7690380092382793,-0.7917068791277324,-0.5152231532001542,-1.0126275966594072,-0.30372171731650094,-0.12024225486425401,-0.16047997310891074,0.4996313544685257,0.1728059110999058,-0.09666392269555917,0.16517610184754178,-0.34648973113750786,-0.6619539466773332
BK1801,-0.4486467638665595,-0.6211195814594871,0.2563273472895766,-0.3717991357783623,2.0824167305840473,-0.3038313208568655,-0.6014255706621037,-0.5834232828540711,-0.2611799236927588,1.1147892097350707,1.046297752369593,-0.08548499601043395,-0.6637689373328164,-0.7615923501078049,-0.8640587644875779,0.6353049240778932,-0.00249156647227058
BK1802,-0.5377970470546533,-0.7482247649851315,0.3244395778846997,-1.106128908633081,-0.045684457173890254,-0.3844501940085406,0.19922471450228102,0.8895031821024397,-0.2401450423794937,-0.2481678884240495,-0.3943922961581756,-0.450183167256025,0.42458369656102574,0.3910699463801202,0.22855534396793237,-0.7150025879461737,-0.46948931469614125
BK1803,-0.47388294342776005,-0.6405523218986315,0.6737126631635895,-0.5710181383734675,1.921775795190896,-0.7110747204588541,-0.472486970992634,-0.6987205306090328,-0.29348318047973987,0.038852230129654525,1.0853342460949973,0.3630012109254262,-0.9983372090801368,-0.8229195155402329,-0.964540731730476,0.7925263336682534,0.4454163686861646
BX0101,0.3990049994972346,0.09149853311080595,0.6400887412259835,0.45667981119049156,-0.27311609704692386,-0.0763921073347057,-0.2576426293597584,-0.8452412228226757,-0.2959221371455688,-0.2481678884240495,-0.026746803216071143,1.2096845763808093,0.8168661901975512,-0.7847147400828323,1.4636556824293847,-0.10882284832959085,0.12449401859952988
BX0102,-0.0808678600905906,0.12208176654447216,0.9586928797080694,0.18807283156814555,-0.45219470468997863,-0.2952442547232631,-0.4885859181577502,-0.9102690719050723,-0.30372171731650094,-0.16444005072356763,0.3817835588003596,0.8289207101316738,-0.33776508759040313,-0.5580491209706344,-0.122026755623984,-0.2845669696327112,0.37947952972992316
BX0201,0.10653467075185998,-0.6876572183668375,0.4074786584905597,0.8699163562093998,-0.6559025577176095,0.09362594159534302,0.31245652264162416,-0.7864936413517879,-0.29335486108666703,-0.2481678884240495,1.0046967005596183,0.11678367425022432,-0.7067511352008071,-0.7752887190866812,-0.9295237615983235,0.7414895971477333,0.4636329827365741
BX0202,-0.1355608127681574,0.12296506339349582,0.33541933009058505,1.3455889968364123,-0.3885820113254969,-0.2186837632436458,-0.474958637439972,-0.9239552057725365,-0.30372171731650094,-0.15432850994057012,1.3882706841622932,1.1271878932792898,-1.0464863193334981,-1.4023105698547438,-0.5473728570699428,0.9241758291096116,-0.06449626297604628
BX0301,0.2799745908678607,0.6863868962056829,0.6339933327909497,1.180549337042105,-0.48273826550070303,-0.686510831684538,0.38014713241228537,-1.0435429324165515,-0.30017885121090393,-0.2481678884240495,0.37475042089565924,0.8214219533291747,-0.09274878586486411,-0.6557232923876609,0.12598580717610344,0.22045602699939362,0.04833478824464686
BX0302,1.9312772322877285,2.837605249896325,0.8710331963232378,1.4214689683584625,-1.0277813619664895,-0.7596162187429809,-0.4731055820128325,-1.2523584078396124,-0.30372171731650094,-0.2100821448227411,0.0650250737194125,1.160933851431989,0.6030726439555867,-0.7676265460720018,1.101457761784064,-0.05521345178891597,1.2000927870770068
BX0303,0.31240077462785515,0.2885567440521612,-0.567951036993504,2.8806900605834884,-0.8624293739989483,0.3190049154144777,1.272626774875743,-0.9986571814497988,-0.29958806291239043,0.2153522399083394,0.6297752138087772,0.7928128715432499,-0.8250751162805022,-0.587467278546694,-0.7723289705588321,0.11317526377079414,0.5506551769567368
BX0401,0.14207975896453537,0.49734015906423784,-0.14448478162295947,2.408952734412435,-0.8431888686218085,0.046854496139702266,0.8569936786807387,-1.0816378514128535,-0.30372171731650094,-0.20881670210929998,1.269676804450666,1.068747001949494,-1.097560631419452,-1.2349035043725372,-0.8573997487850756,0.805460562422134,1.2977430221203454
BX0402,0.8205242836536053,1.3760983198997063,0.07174255223530332,1.5478505759908257,-0.7917006116117086,0.939553431117539,-0.4059161035966088,-1.1413332342667863,-0.30372171731650094,-0.05474197162899489,1.1169858881158217,1.295314956428551,-0.7834992010584042,-1.2994996110662693,-0.3538858285587436,0.1715794599658555,1.6442085015725558
BX0403,0.2704737551704586,1.4665747080870717,-0.9374019229255784,3.5540183246984265,-0.15534530552793477,0.5209695178173053,-0.271157328031795,-1.2112710312249027,-0.3013375920063632,-0.2036112660555285,1.5414815631140066,1.79509256912691,-0.9312924792279417,-1.8621388261911203,-0.6254081216139478,0.678112193260942,2.332353805757358
BX0501,0.20088004185098304,0.7182772538985087,-0.39946533682247565,2.4269890931798295,-0.8144438876040163,1.1575046225961005,-0.23262914117272,-1.2261052376573804,-0.3012813207257512,-0.1113430803557465,1.530185596414121,1.5969004414454713,-1.1901820990552396,-1.6622948157321162,-0.6612618886326259,1.0535269277633343,2.562156236353694
BX0502,0.7983683106342706,2.539223167496263,-0.8299765498506422,1.9886572762797585,0.1573507151508682,2.0778674566991118,-0.3812690072665131,-1.105800603254138,-0.30372171731650094,-0.21549633618230418,1.042286749045088,2.041086999630457,-0.7370534358940172,-1.5217834156693666,-0.11519189216426355,-0.061378538675296516,2.2880502838995422
BX0503,0.6750146198200017,2.901293909687973,-0.37218846310667403,2.3577728690906063,-0.6464488021150667,1.1824627230298472,-0.5672423667773652,-1.2668154771725826,-0.30372171731650094,-0.14671115106539995,0.9647087052658453,1.4040245501809736,-0.838935496601306,-1.1578378837548016,-0.34871951228779074,0.3302348013939717,3.583172736060523
BX0601,0.4436125244595639,0.24598948491325995,-0.7205817695214244,3.1714518354052386,-0.8761793213292411,0.6419946673795308,-0.5275745443588813,-0.962578088008963,-0.30372171731650094,-0.2481678884240495,1.6516306786158392,1.031564461792151,-1.090569241581378,-1.620352058249762,-0.7711614330617658,0.129832697770793,5.77620887444703
BX0602,0.19196894470658202,0.2781612682813284,0.7896645722963572,0.43098297623133947,-0.5142662002590125,-0.11690979340447943,-0.38929186166678115,-0.9758289864715837,-0.2952993410869038,0.6175582105004401,0.4434410778212676,-0.21340245970186872,-0.011617310079529089,-0.37504961536152265,-0.2945383652013207,0.5650063771316534,0.25936940739262765
BX0603,0.30240306011078927,0.5046252324037397,0.27521410382123257,0.14412944432245733,2.2839147936330195,-0.5070477924110354,-0.5587886145025526,-0.8825842815096631,-0.30372171731650094,-0.18489402917086328,0.874829857781997,0.09256873791467281,-0.4614877014531107,-0.7393621829829902,-0.5071723801036124,0.3067353390728997,-0.2878302650252544
BX0701,0.646990306951214,1.1352278905474362,0.8310596548906928,1.2496163699819556,-1.1422047560884765,-0.3801888617674312,-0.31503669202240425,-1.2232322956461306,-0.30372171731650094,-0.20953104882219598,0.01747724106547227,1.430374716290553,0.5300316397039264,-0.7870921060295709,1.028940446930325,-0.19403991836587237,0.5373161300624143
BX0702,0.24861542172685105,0.44575745116349036,0.5826175949965275,0.4025456122279312,-0.6637603164785184,-0.310977631426396,-0.21451282533815372,-0.40393789936967783,-0.3013583858812486,-0.2039998802055096,0.6674236361478857,1.0140983483653236,-0.5848294358954236,-0.8151028348208641,-0.24944911651176505,0.1530687765539575,-0.16554931981404694
BX0703,0.03283381051044656,0.30414403241336413,0.6083950217216363,0.9282595038302774,-0.7749408845849287,-0.286164640723321,0.6512374071393894,-0.9103408679731969,-0.30372171731650094,-0.2481678884240495,1.1494177345098497,-0.07553692619096994,-1.1992819045576217,-0.6367449877858464,-1.2771296939315022,0.2726869605868532,0.4045084942522756
BX0801,0.2475585220496812,0.9541193463248459,1.2936284177658604,-0.120214211212461,-1.1652437461323701,-0.3997456297243425,0.11602519236098444,-0.9181667408320484,-0.2885296882740377,0.24869551964096576,0.5045137291572269,0.7720395840580815,-0.04781873074311454,-0.7916271634085034,0.16289071436787197,-0.11369579599173578,0.07106352889389413
BX0802,0.03871101816015773,0.13498388829279054,0.1612683981580721,1.2019583714408426,-0.5124489479476159,0.43680556909237617,-0.44521345504044946,-0.8415039128716499,-0.30372171731650094,-0.13225736961848894,1.4713507306113787,-0.1195298505780706,-1.1413560290031302,-0.9797726146739472,-1.1269171343539688,1.1821897801948946,0.894934173309699
BX0803,-0.1943929177316011,-0.6086349036743652,-0.48725732681109585,-0.48297117612688745,-0.915464475825626,0.061358877289648714,1.213786878511344,1.493078769664757,-0.0402947203668824,-0.1552781810700677,-0.45025769029453755,-0.7508164359664615,0.5220481744277623,0.5187739188877855,0.21150497088782566,-0.535130002067835,-0.7812801788168799
BX0901,-0.008088747762619378,0.05536057333288648,0.3605961057675015,1.240814464924738,-0.5514130807307137,-0.0815942950718697,-0.37400514166531257,-0.8949645101425734,-0.29598231118825324,-0.2481678884240495,1.2931744781703591,1.4475106036016963,-1.237456941102244,-1.3396252881968278,-1.1250848447464696,1.4008595858176427,0.5650460527358431
BX0902,-0.11121911107232943,-0.39372776663761716,-0.0009355969298377664,2.241058792335025,-1.1618996620416708,-0.034148877510768755,-0.12136831028495491,-0.906746024030598,-0.29283041167240653,-0.2481678884240495,1.6761513376486903,1.1635044767492926,-1.4606319327981565,-1.5324298171134951,-1.149008776253006,1.9190018766145969,0.9619391395463839
BX0903,-0.17015537431558198,-0.4493630380608183,0.395707854275827,1.0643498027820815,-0.3507145503132612,0.33767961885554143,-0.31333131958111976,-1.1278318506392697,-0.30372171731650094,-0.2481678884240495,0.9358700940393884,0.24275786667895352,-1.0866665936153808,-0.5839439220850768,-1.3868238224529637,0.544005892338113,0.2640758003765705
BX0904,-0.12945224624701887,0.35030487966059287,1.5300317103224605,-1.316236283895079,-1.1083256653593887,-0.9373910143302286,-0.5155224671496749,0.03817263588225224,-0.30372171731650094,0.006795006240265104,-1.5417333534609268,0.6613974334040087,0.6544401561004133,1.0640114072194113,1.339303800739766,-1.2671502244516448,-1.0169221859646078
BX1001,-0.150682277102476,-0.486921275246022,-0.13067275238025675,0.7609990550424033,0.8757994270693946,1.1291406994549573,-0.6014255706621037,-1.0341240647825494,-0.30372171731650094,0.2565009340042846,1.3771254202475833,2.046170995716972,-1.8162983760588645,-1.3963540426484977,-1.8513841110778735,1.2188077673862479,-0.36002415777116503
BX1002,-0.36955419880270796,-0.6807700066857764,0.34881584459096193,-0.6036243226447188,1.027978064306152,0.48555801256817593,-0.6014255706621037,-0.38200385314064284,-0.30372171731650094,-0.12232502010644433,0.8797949816407981,0.08979539098855335,-0.6755720955857694,-0.6493011672608183,-0.9145468907106933,1.2789656637560292,0.5863581435153267
BX1003,-0.28030200417137563,-0.630924534506825,0.12239537796347552,-0.5743023586999098,1.5463279490068218,0.04619388988901995,-0.6014255706621037,-0.035118029649061654,-0.29394798967693114,-0.2481678884240495,-0.16200948610874513,-0.26751982584122197,1.2581347315646423,-0.285137055500347,1.0447839339660523,-0.19640913615340833,-0.4304005103561926
BX1004,-0.6761086439227816,-0.782438693451104,0.33634896869568354,-0.8277744470228146,-0.9983225450436645,0.6009049585870818,-0.6014255706621037,0.6730411282119468,-0.30372171731650094,-0.2481678884240495,0.27696074484370203,1.2683433713607957,-1.0033783748288574,-0.32109437155284426,-0.19688811186493418,-0.8952978924479242,-0.05663341827351515
BX1101,-0.06412714862564535,-0.07783246722865975,0.8601863361081287,-0.14378294058582722,-0.4573262061176089,-0.2709029439543785,-0.6014255706621037,-0.49346694335585184,-0.29121881035991526,-0.2481678884240495,0.7034141760943269,-0.12670181989250853,-0.49511180670706456,-0.46458036782915973,-0.43544324238854887,0.3806390598917598,-0.7238370564733947
BX1102,-0.11492669029547206,-0.5532341282790922,1.2636138795992715,-1.0312725809812808,-0.35209967539177356,-0.800540783622354,-0.6014255706621037,-0.17924674647403654,-0.2854471195904216,-0.2481678884240495,-0.9884770616914307,-0.7436076521832039,0.6419690423920336,1.0217580766216747,0.660731882581119,-0.6931029296671425,-0.7613346597521834
BX1103,-0.5024713530845183,-0.7013622390114256,0.6746082093349413,-0.8731524594751512,0.9057135611309585,0.2945514494045028,-0.6014255706621037,-0.5558885940762158,-0.30372171731650094,0.38621063134547634,0.33584273558189537,-0.2514866967127632,-0.6712339013196607,0.041015734237175486,-0.7205089908033796,0.6229270993625743,-0.3828815086678595
BX1104,-0.20586771230153667,-0.1241625276970233,1.554343396606039,-0.7713057908302746,-0.7553659652096985,-0.7342008557444529,-0.4356627980552059,-0.7056250228515499,-0.30372171731650094,-0.2481678884240495,0.0011095761732406277,0.03219217160272265,-0.48280727653570005,0.19917245602081596,-0.3416978542283894,-0.5047862394575731,-0.27991095991415843
BX1201,-0.17942777499286164,-0.29948545620568834,0.7914268174941995,0.310212152521037,-0.4782458504094844,-0.16831333627098408,0.20660823298218317,-0.8948892113600192,-0.29239883976287834,0.10451853647183243,0.5971500123471629,1.0118129069866353,-0.37457392512227966,-0.8338229013158377,0.04166559530720554,0.31732155574361376,-0.03954546182225115
BX1202,-0.3562516288687291,-0.6262014915747733,1.2255609652997868,-0.13257229149896682,-0.5083997441312005,-0.5974613655244042,-0.6014255706621037,-0.8896379733327402,-0.30372171731650094,0.08763689967041363,0.8144034377460081,1.2839517371860192,-0.5046226926812458,-1.103969919427551,-0.4621156963497928,0.615325972921363,0.5484339887472217
BX1203,12.297381323767086,8.253083091782884,2.7669510720318304,-1.6471406931785972,-1.1140147016370792,-1.4019533308982022,-0.5935620032059677,-1.3908905386697983,-0.3035135783902358,-0.2442780058334195,-0.9361271234639502,1.1841510506739983,0.971144067569819,0.10052390578126524,1.5591105824993972,-1.2505945972622983,3.697088646744856
MN0101,-0.06964284397181934,0.1605880072486005,-1.866972511587546,0.3010989455693102,0.24838070390355305,-0.6073348922695031,-0.5526766173387944,2.4980279323636534,0.4433762458792231,0.11355286853813085,-0.992945876096771,-0.5233078796609503,0.4179830823178339,1.0424023297009164,0.2899941287663292,-0.8884109001511243,-1.064428778444021
MN0102,-0.10434426923509635,-0.18547102477313693,-1.3997186174197151,-0.41895428475253843,1.4980282135146532,0.0895082007498498,0.13394876768633127,1.6422312146126403,0.18845083503024157,-0.2481678884240495,-0.9572475444617535,-1.0586850237629617,0.5130901635539524,1.1640725636600868,0.13659705543362163,0.04810751538337683,-0.9582288160117253
MN0201,0.5192442645607805,0.39901933564011616,-0.9426518914892387,-0.02335887530291191,1.948400838458215,0.07478121397771653,-0.5427302116785224,0.9298514576440355,-0.21982765658111916,-0.16106312725759325,0.09246005215644026,-0.13657063568832156,-0.35274368186910154,0.11039342107712793,-0.646681232856201,0.6561786516773779,-1.1124256758523514
MN0202,0.13013063957779147,0.6968731950218737,-1.7261936044585875,1.1311543372167854,1.083599439096871,0.0016280972138956887,1.3038792036252318,1.5503300281073622,-0.2670445783563418,0.008877550304034325,0.059780607242958125,-0.4757813221946069,0.017451682671845478,0.10851933303705219,-0.2907017232623162,0.0842767566938988,-0.6387184004148285
MN0203,0.4999918112960655,0.7472070796949668,-1.5699801913704683,0.2653509917196986,0.2942795596782501,-0.012453261983210624,-0.10806266955873203,1.0932653558245513,0.9466494914529204,-0.2481678884240495,-0.3215468925474354,-0.6544633407989519,-0.27007130843029636,0.6975817203307677,-0.7402163554343096,0.27424222060962455,-0.5605522436324517
MN0301,-0.1163272356099383,0.44333073798497347,-0.4336645183600274,0.19423801166376972,1.9618889489198357,-0.4476728023279155,1.8725838104958454,-0.15706901117649086,-0.09719533404036132,0.03425254874257594,0.4266904693689799,0.1388439784184783,-1.0526328308068438,-0.031684076453382296,-1.1068506544266496,-0.34313240627165387,-0.5915886850226778
MN0302,0.5216053639703315,1.1972977892760026,-0.7323753089130047,0.8590042638875984,1.2783530138250787,0.4343319870955145,0.5492764670857795,-0.0456394143156516,-0.2814356225285994,-0.2481678884240495,0.8005746370709458,0.15307118536079622,-0.6770308240726495,-0.5901657753580545,-0.8716907374530313,0.4420396990779382,-0.009694365409395488
MN0303,0.4887949755499838,1.7689107743964199,-0.3740148131437248,0.9146938039217166,0.9157597388711951,-0.5322036295209038,0.06478199495073117,0.07633303748633326,-0.27802690881916686,-0.2481678884240495,0.5792418824090976,0.050642255979622935,-0.49315080561131674,-0.4030374914970634,-0.4207306056050945,0.45099882400386876,-0.4734779682002177
MN0401,0.8567121454774225,1.0899758234880341,-1.7458766713847353,-0.6227953570973459,-0.36538196153846475,-0.7344491269549606,-0.3054324243620499,0.16908725801638724,3.20486135990006,-0.19936143201772008,-1.6050576079788166,-1.2639295778644815,0.14100175129797346,2.0767770272820485,-0.21179519151121037,-1.027897618304705,-1.34381061929888
MN0402,0.1694415008804438,0.7347025167285941,-1.077023533207933,0.18955457829420608,1.9281007344590464,0.005650694464746219,-0.47142836179994546,0.9086815662480111,-0.13339886560348613,-0.10347958563917738,-0.09315364225958,0.3342157387768426,-0.20792278258418823,0.06292267870240194,-0.04468643990880434,-0.629201315678879,-0.8278789347736167
MN0501,0.4297404807809391,0.48051726071064366,-1.389053859764944,0.3722738482646183,1.02996929099708,-0.6552207451936823,0.5464956501748373,1.6206466082253381,0.14444313943616358,-0.2481678884240495,-0.8556452073082355,-0.6081216771298602,0.502760618759872,0.8944216399501813,0.29356934558087233,-0.5943681492511125,-0.5595210807218656
MN0502,0.6638569028813259,-0.13266141168729984,-1.7669346608275085,0.3580357033513333,1.0993328997419665,0.43265835325421537,-0.3861773373911565,2.106874299703825,-0.21398837448534488,-0.2481678884240495,-0.8055586140827327,-0.767990745320998,0.12313331306667637,1.0693333930611941,-0.18237155450475717,-0.9636767801860465,-0.8360671035678992
MN0601,-0.5164214598096833,-0.29314068583469777,0.6385253980754934,-1.3096843433404362,-0.861665388881694,-0.8418003723477951,-0.6014255706621037,1.2640198280517492,-0.25521506903122876,-0.2481678884240495,-0.42556276317181263,0.0038634088495668097,0.20861503917319218,0.34833319149859426,0.41053478709868146,-0.2476648612911526,-0.9367999592337302
MN0602,0.12212289899046039,0.9116437840514834,-1.2746320362691963,-0.0952779070305048,0.43813816674933725,0.4294310223276841,-0.1016256956806998,1.904136416050474,-0.17899033601151534,-0.0362506772744893,-0.6146819092782089,0.1286353639132665,1.07353826718735,0.11734620657645661,1.329221794392704,-0.19844344654112403,-0.9911852497618114
MN0603,0.20801242038364778,1.1022796963158883,-1.8486761705298214,-0.5472411882472935,-0.8587817854258354,-0.4272951169742009,-0.3554849052472097,0.7623726926043584,2.8356032440278054,-0.2481678884240495,-1.6103937763661766,-1.0305609001268157,1.709655235329369,1.304859938668208,1.4527921994142439,-1.2080074966520047,-1.2923476481849914
MN0604,-0.19925548627656064,0.15757402605391763,-1.5656257427273526,-0.2554614744007437,0.23481177246366444,-0.09200479445521471,-0.38676098227529676,2.688254663436318,0.020146966896227407,-0.2481678884240495,-0.7970353790643858,-1.0893121367085339,0.33900161817768026,1.0858948659720769,0.034298115034182834,-0.520393617629035,-1.0218517029472833
MN0701,0.04860405657736683,1.0954174850548604,-2.2697962137520515,-0.9890246644308498,-0.7497023511151464,-0.8880694561981158,0.19937422902798874,0.7121593443957089,3.895568119951347,-0.2481678884240495,-2.361822218988778,-2.7057564281220157,-1.2192185106623026,4.00040874338774,-1.9661645027226113,-1.1548660050143882,-0.993090933796488
MN0702,0.2521689540851164,1.4804994877555273,-1.9022855978996485,-0.6685083932488618,-0.7023343228481022,-0.7279808172431301,-0.5055337341831134,0.6996258727915627,3.137994187761764,-0.17701545270377567,-1.775350453753997,-1.1142040996863583,0.6115430628481854,1.990394281558365,0.38664962285214777,-1.185982384487632,-0.9699324809181724
MN0703,0.45048361661338754,1.946326971207763,-0.9777695055311252,-0.2389954130762075,-0.7524539315045273,-0.6661909525483567,-0.08867751239102614,-0.3675255474389423,2.442533697959875,-0.17207533540506234,-0.710764172694268,0.06886471940088668,0.25829153772607255,0.5980466655859935,0.45410510128285353,-1.0794709287071849,-0.8896664332937639
MN0801,-0.2828729151044522,0.18587907120590255,-1.3073515608435644,-0.7267390178426775,0.17337582683653102,-0.25394462545247215,-0.38879047129313515,3.054494665054154,-0.21929888725403754,-0.2481678884240495,-1.4985985314358974,-0.6706811650294034,1.0839848388365807,1.3292851414506088,0.9205900497085701,-1.0704031176428292,-0.8719082710874325
MN0802,0.040904256849892504,0.37373365192088237,-2.3296161632744363,-0.9039236350709791,-0.5781279591749692,-0.7068558900729833,-0.40859553315953556,1.3199332038262117,3.2884545675849526,-0.13370286322791136,-1.9172961605186307,-0.3829888860361647,1.7573967362618856,1.3597163076275633,1.8984939522268938,-1.725826083550668,-0.9816643954781521
MN0803,-0.20124057161938572,0.9915905251942044,-1.40486024599104,0.05092450417296956,0.22276097714896692,-0.5670000189974572,0.45334812819473025,2.5739932858720227,-0.15116673896365787,-0.2481678884240495,-1.208975429725319,-1.7093038505461862,0.7928381154882218,1.5459120436160778,0.21373335361495502,-0.587801472374196,-0.8765798329893366
MN0901,-0.4358155109314755,-0.39895707668377844,-1.1000251776832684,0.16046964514490314,-0.4022831823250833,-0.10831767862090348,0.7198077437079625,1.7223939851552197,0.08446099272611779,-0.2481678884240495,-0.7175778108704995,-0.41327987337274374,0.4383557836891211,0.7065135535148875,0.45047228052091404,-0.7805672523547516,-0.8836799136928085
MN0902,0.41377781382497203,0.6267871650178818,0.2392499341569863,1.5575112722194453,-0.6986772798661564,-0.14768654957613564,-0.36253510537225947,-0.8688425039544422,-0.2847523099001724,-0.2481678884240495,0.9522244835289296,0.2634358982367639,-0.9188579585818833,-0.6824758863351388,-0.47264871105974626,0.1181380364923262,0.17030508705274605
MN0903,1.1948572292811508,2.890051897562491,0.11935649778800796,1.5939948626189633,0.16889544932905182,-0.616052338000029,-0.12656772399071237,-0.8542737145440087,-0.289895926010622,-0.2011881611922372,0.3602404795369734,0.6445524846852958,0.11297013866640543,-0.6649088874866755,0.5326339358555833,0.02084506376682837,0.4700992125556484
MN1001,0.7605007112888182,2.160670614558768,0.19461766887290283,1.4342025818843174,-0.5379324107435923,-0.5262123506271904,-0.44891068146698565,-0.6016574266611455,-0.25527914650584604,0.010499883177263077,-0.5274263376135527,-0.6022852519156379,1.4191340491769373,0.14858322570884308,1.3193897397866663,-0.43143835771708916,-0.36795777586447775
MN1002,0.8937050068107174,2.582893739243697,0.5147555053460432,1.1749906923758255,-0.09175729293708058,-0.7013530774360258,-0.32338190338141637,-0.9706138152222799,-0.29084264001481547,-0.09343508042360381,-0.1436174075219688,0.61514002239859,0.4496070975493219,-0.27919047369161815,0.7566061265603011,-0.7728468624302018,-0.34883529871906965
MN1101,-0.04041875088292978,0.6103363614867504,-0.20905593608193607,2.0656939761964273,-0.9254065961897551,-0.6478213134956373,-0.2510544545264382,-0.2219846260369937,-0.275900044145798,0.04069644542064999,-0.12550891781388754,-0.11264455720125977,-0.3645817954888681,0.33279503182512316,-0.2631969160433592,-0.38889595757598544,-0.31576534240982973
MN1102,0.30027750319267216,0.6583607020348253,0.5116267330701803,0.7948791516899478,-0.3448207051971292,-0.539030129145931,-0.21692678388670608,-0.6993757353855496,-0.24456669359415104,-0.06985483921734088,0.4708006451454206,0.09105338336469693,-0.3129497259176744,-0.3849292311661991,-0.3177988671777624,-0.2586550017248285,-0.33292863540403467
MN1201,0.6282382083340385,2.2314186170008594,-0.8356342393806909,2.6219131755977294,0.3478937042261735,0.6648074602480658,-0.10487114941434532,-0.971870704752727,-0.2735697098522792,-0.20482118614345762,0.8717377215365569,0.9368876528383016,-0.4517121359198503,-1.0567264356965256,-0.3534714594391045,0.5203478628807338,0.9319287277043459
MN1202,0.3922360906482424,1.3027556942290406,-0.9730040316891564,2.147108213047216,-0.3020119776436947,1.6450374941358061,0.07298157771667725,-0.6578340012952485,-0.25721588128115924,-0.16915499710770524,0.7327863984676978,0.45349486136749645,-0.771777635017475,-0.5906882607986758,-0.6346242711354265,0.5152851234612308,0.21697390796941998
MN1203,0.7586469433116256,1.6182307557082376,-1.2250873224010674,3.302881807128227,0.09100094503424411,1.0112727104884807,-0.5748661570157488,-0.9134840559025114,-0.2889588243601137,-0.2481678884240495,1.1373409093497018,1.3122428427784056,-1.1171933448147864,-1.180171203274086,-0.8621290730807444,0.34741995443352164,0.17600036277095518
QN0101,-0.15621228060234263,-0.5564175793146395,-0.9413693885277499,0.46291339217024857,1.2565633708627566,0.8823072066808234,-0.04609237623832168,0.26685143421129653,-0.1493823818633622,-0.16575563964366496,0.022664504371692675,0.4008650840522484,-0.1663313754075646,-0.10050773906917138,-0.3714329196543073,0.19712238757853606,-0.6589269614305857
QN0102,0.31736947857195436,-0.12294705155943779,-0.6373685606223941,-0.1423495283222385,-0.06447812383036251,-0.5119331878535448,-0.013774886301545745,1.7015567084169438,-0.24772591905844324,0.6239142215916585,-0.20141198964967,-0.5745708609113008,0.6266610922354093,0.14854290920883603,0.6057009747663179,0.16240135879141843,-0.191996686393907
QN0103,0.2189894701882571,0.3935113563991312,-0.6621427668557367,-0.014217440098324697,2.235575325161752,0.6322771012125573,-0.529191720117346,0.04608599904844503,-0.23775975691105414,-0.03377573174281562,-0.16037367694999047,2.5940530246390936,-0.16814396786287872,-0.7313402266218768,0.3235718679295504,-0.21615834960227315,-0.44561792712747234
QN0104,0.3304728094232914,0.047706175159214874,-1.2499215271785071,0.2553118555789072,5.465714931096181,-0.10074977386382918,-0.3582796855360153,-0.4997404841765585,-0.05272662815487144,-0.127890552366191,1.3595988212338572,1.6100131837604663,-1.428889085116803,-1.3852071137649267,-1.582710045080477,1.43471790101525,-0.4502309281676789
QN0105,0.2868456657139156,-0.2906975392837496,-0.09430866683995028,0.10430379672906749,0.8332596338013272,-0.5756117465653153,0.010196031601913362,0.34221483156935434,-0.26972509237490716,-0.2481678884240495,-0.11211806762758392,1.440234117524783,0.1319755027311953,-0.4812207299769874,0.7512489787556983,-0.10523795317488308,-0.12906570187490837
QN0201,0.4022288820555677,-0.2237250145585699,-2.0132979038931262,1.8482638384912138,0.7603638385384566,-0.17169089631306841,0.11170351925038713,1.447528475560044,0.03168400924141766,-0.2481678884240495,-1.082776312009,-1.2116131169150968,-0.4378339570971886,1.7699046136729646,-0.7604241359913871,-0.22469780840469664,1.1592825827304503
QN0202,-0.09766068407441207,-0.4552355401396546,0.16972021194000345,-0.13138976241211922,-0.3552506056200449,0.19570140137657316,0.5076565767749799,0.15730324251881453,-0.26369075948555804,-0.17335452758520833,-0.19725939472612922,0.027121275710651253,-0.37420943567987486,0.3591210873557063,-0.21254342675760723,-0.033588144423691034,-0.8653236972712776
QN0203,-0.20076261985176594,-0.36239526087980406,-0.46268343888846725,0.20298515903174527,1.5039373512777705,-0.4680158668012104,0.6975769683707096,0.43435294643386557,-0.2802787667729028,-0.16054340911220868,-0.41967911168854455,0.379830627752727,1.6528606871044687,-0.4339150990874915,2.2449681310103236,-0.4564177463181207,-0.5969399452587458
QN0301,-0.10292639293879392,0.052867315432489084,-0.22452332994330146,1.2693630144017511,0.27433210657627766,-0.16616942707389626,3.2150074552881303,-0.6534173423926198,-0.29736404982280024,0.029073317424525628,-0.1138580930354398,0.6598797692330274,-0.18393589431594026,-0.04813683858474692,-0.19211631395417608,-0.2143919996478619,-0.24798589565320325
QN0302,-0.21758461961311665,-0.5631229125691318,1.0547747394849512,-0.5691548851690993,-0.636798509777167,0.007854656364982825,0.08979940195478542,-0.6161069185216986,-0.30372171731650094,0.26472603704735403,1.4036357632002985,0.4585435579350135,-1.0618693375368202,-1.1610193219199971,-1.027680903880487,2.2266844576749367,0.39709136943992374
QN0303,-0.16301407044545158,0.1988750201293846,0.5689850429062071,0.3429463095012773,0.44803683773154135,0.17663357329093154,-0.6014255706621037,-1.122484994622739,-0.2934497212090315,0.5197203590355333,1.4818864623744745,1.3872974817323247,-1.5771712111781648,-1.3634335098276018,-1.278076074648158,3.1094751826667606,0.5398686068181852
QN0401,-0.17400705327332625,-0.0074623085400296685,-0.34003311430788125,0.35199388561750555,3.4618007306174245,-0.677833395849344,2.2031194768043973,-0.7717626283643461,-0.2994798403814326,-0.010340151862680733,0.7033782792281079,2.031818686731056,-0.5833090167903983,-1.234303443422163,0.1091731555723526,0.7731885342831132,-0.5955349654812948
QN0402,-0.3070219737576545,-0.07479833491319747,0.5925212679744322,0.5586259282165369,0.13738964049635932,-0.23914192080774754,0.4161618354697004,-1.0036617721319883,-0.30372171731650094,-0.17266216743348642,1.1822217731453117,0.22647010652362587,-0.9308687465655145,-0.901982193381918,-0.8111806188576683,1.515339488882978,0.27269171558736316
QN0501,-0.3343488398345822,-0.6636763503128106,-0.5172651622717184,0.5995790148806353,1.3625175569365793,0.5379590217135427,-0.33823308330487506,-0.19113662242420493,-0.2828225762999741,-0.2481678884240495,1.2855354048175918,-0.3036017183286805,-0.7911984730241867,-0.8720573597189532,-0.8521232938515436,2.132145508638312,0.10398520851935816
QN0502,-0.13056124348848358,-0.2571006902373189,-0.025251289093274558,-0.09932965827459886,1.9131905876477504,0.06460076855240524,-0.07524051428213728,-0.4310982328262823,-0.30372171731650094,0.30959370415720844,0.4654581262841337,0.5611735462913264,-0.45665554532482683,-0.4922728641263506,-0.5403167739904248,0.3837722245017906,-0.4153551724239058
QN0503,-0.4858947926391498,-0.6523451434881693,0.29744831583528164,-0.4056867270738504,-0.30730122256839604,0.6379924230166296,-0.11947569121574998,-0.012348354171125947,-0.2782084802313902,-0.2481678884240495,0.32346818558029095,-1.022153907583339,-0.5228378023859892,0.2772602730610137,-0.7003095297972217,0.31173812588588773,-0.736609936377021
QN0504,-0.45892688724166975,-0.6691258615797399,0.2990375498240912,-0.3483069195176992,-0.6487434253427043,0.18311782802971138,4.376764037765477,-0.07070706679176192,-0.2917429413680038,-0.024298029694407388,1.2249871149317932,-0.8337132961512133,-0.3710452215131319,-0.7954824579283785,-0.3511507212174122,1.1160789392625357,-0.5721650270251307
QN0601,-0.39780163894350895,-0.5281206538306112,0.007170150222023366,-0.7088801045926714,-1.0014798661884243,0.5227313324058789,-0.3090758653554036,1.1079852147811753,-0.2921145134432157,-0.2481678884240495,-0.6282127299120088,-1.0571924716699796,0.6641308530563107,0.755677643372272,0.2772215245417273,-0.44201429506413403,-1.0466453050553197
QN0602,-0.15499992032625068,-0.2950836891983513,0.8654697141191143,-1.0475442473472825,-0.45630289094144466,-0.439658858711088,-0.15911161693899004,0.2816326936765579,-0.2920142128137982,-0.20440786836247465,-0.15182072847419212,0.680800949427584,-0.2593591714244163,0.01659296926914267,-0.16183196575573133,-0.9247644136911548,-0.6719833771614
QN0701,0.7068108809879281,-0.4499601568044369,-1.4512940379239199,0.21221227849088528,-1.016872333691883,-0.5035840505787479,-0.28128057525704914,-1.2173321085651447,3.5490522073060804,-0.2481678884240495,-0.49723731051803954,-0.9694328620175688,-0.013862328623266917,0.8851516562902312,-0.3451791029603135,-0.8642598234050549,0.44813438108800113
QN0702,0.3562261423865961,-0.4852166166314544,-2.234130742767872,-0.8972755393732228,-0.8231346129794991,-0.017227182377586244,0.6349609266682056,-0.7585520815665585,4.620830299603274,-0.2481678884240495,-1.1089839313079046,0.04659912141261388,0.8580878059146079,0.7557203246639834,0.946585732440439,-1.402390770335667,-0.2541792600665494
QN0703,-0.5343549413553046,-0.7688278652420395,0.28155597594719123,-0.3828244600006964,-0.8670558183383771,-0.4967414695819376,0.6054082738051885,0.7552232492068316,-0.23184906162551835,-0.2481678884240495,0.30471335572227465,0.2643352396532774,-0.4378339570971886,-0.22257717228705817,-1.11205340783945,-0.13982814087148218,1.4362893295515535
QN0704,-0.4199261360418658,-0.6548691103042552,-0.2238204324940978,1.418122180164633,-0.6240987695899461,-0.7749537695628766,1.1286509196581405,0.1447572718965046,-0.2831148719785269,0.008577963545609977,-0.8398121586899941,-1.3273415090503353,1.2963378976133315,0.7983180632703101,0.7281250009492772,-0.2277756678996288,-0.4759015237549436
QN0705,-0.42220485843764344,-0.6598752432193256,0.8762651339802248,-1.022531134263987,-0.7799304610422756,-0.5021400560044539,2.0902966360377446,0.23173461610800775,-0.30372171731650094,-0.2481678884240495,-0.8422932048639353,-0.49400845198861254,1.1516310878264382,0.5523903386120439,1.103390854529275,-0.7662286944478731,-0.1922413189909613
QN0706,-0.4123447252364758,-0.6919584809219902,0.6261004366064614,-0.6831190904844157,-0.8311866095914802,-0.08025423243416341,0.31275803438471345,0.3104940275026529,-0.30372171731650094,-0.2481678884240495,0.7333788019200645,0.9245772246429457,-0.575730330335404,-0.8540044936796237,-0.6743439909200367,1.2382053275136629,0.3023789567987037
QN0707,-0.08660552594935002,-0.249547837581965,-0.3988717595728252,1.327630441506864,0.17885490089969094,-0.31133761972179885,1.2835339578391909,-0.10149287518049424,-0.30372171731650094,-0.12654583680778017,-0.06583496868987262,-0.3365223752807325,-0.0449557882743664,0.21414107252797893,-0.12516419865854825,-0.20954952252448725,-0.27520863166809667
QN0801,-0.574146160727667,-0.732094820068882,0.48949469679873764,-0.48307396752787,-0.9610659397240735,0.2851629857608944,0.3455636661447667,0.19714593245228781,-0.2849224899906299,-0.2481678884240495,-0.2574089596196898,-0.7935590947393609,-1.1517384321918482,1.0709756282212057,-1.3204824930505106,-0.5734216208922407,-0.5846980298335099
QN0802,2.2620117451510873,0.8880646596817888,-2.0876006252407033,-1.6666529462056052,-1.2884536097091768,8.681497729187154,-0.6014255706621037,-0.12041350120734762,-0.1785633009162467,13.305322576375003,-2.7218907896758777,-2.72801397161183,0.27578548919986795,3.7247013672388083,-0.540621304367789,-1.7948850103826084,-1.0272803480550894
QN0803,-0.5209887282146749,-0.7521041790720158,-0.16002336180303944,-0.7827127424320759,-0.8151077094720296,0.07495668604373418,-0.010617360236324813,1.5045570426035826,-0.25680782464656604,0.1902160737450407,-0.989121816008619,-1.3682217838360011,3.2253786626683856,0.1199820386911276,2.472706786671687,-0.7834940953580182,-0.03253480588899579
QN0804,-0.5288510179558804,-0.7627059357800711,0.5551376688229698,-0.9614320453851749,0.4879258621593822,-0.24038941804475586,-0.6014255706621037,0.20571028975473668,-0.30372171731650094,0.16668699102975057,-0.8472886156063206,-0.7295803639825067,-0.168414989825907,1.2264922594523964,-0.2705466230582981,-1.580552198919325,-1.0702854243361029
QN0805,-0.4731418944918427,-0.6100012882608566,1.3830471438777723,-0.9742249869427151,-0.977522793179252,-0.6396469451292922,-0.4580047369717878,-0.25739856194821137,-0.2695561650460048,-0.2481678884240495,0.036079597515563076,-0.29923873969648057,-0.7162171506330565,0.38971402113711034,-1.0251193569282846,-0.215546029491514,-0.09564079906607052
QN0901,-0.2366491831578705,-0.4895161917452604,0.4431572966675099,-0.7038104073268356,-0.4982085581814587,-0.19630010018925212,0.3076592413119458,0.5237467159628645,-0.29340928027947455,-0.2481678884240495,0.056111237849805984,-0.4469054223648171,0.054754880150057215,0.0851006108354764,-0.2950649370110198,-0.5160158632560021,-0.6927234220914014
QN0902,-0.2998646037036317,-0.5346947349704881,0.6771249494273048,-0.20273596408035088,0.09592836760919259,0.4906985565340946,-0.501867849086331,-0.8373184438859786,-0.29581620723379054,-0.1004227905099195,0.6521982439698436,0.11425703362423606,0.4568932089363179,-0.9204794373937418,0.39865227832613487,1.3081898876098055,0.5832381542084824
QN0903,-0.2636353468943611,-0.427021901390305,1.1155195846726627,-0.35225742486625394,-0.24999871735122106,0.15332692890795888,-0.6014255706621037,-1.073875648026105,-0.30372171731650094,0.17202847016434883,2.026892218945529,0.23729357838934095,-1.2222910660315376,-1.6542414428211287,-1.193423187274353,3.952612972825197,1.4240179732953926
QN0904,-0.411198894058995,-0.5399536438545953,0.6259190339606442,-0.46888188969803185,-0.32277012621217926,0.13034336200506266,1.2625541000733373,-0.32786345261811756,-0.30372171731650094,0.254772616119256,1.1068740023167043,0.6586442539783738,-0.6967546717586707,-1.0886763466461176,-0.615208274565699,0.6498581533818815,0.3614722277008575
QN0905,-0.29465321743997475,-0.3865231522389178,0.8741615169076296,-0.42606919031810436,-0.055093596438167775,0.5049692653471702,-0.6014255706621037,-0.9081830520962035,-0.28316876956877446,-0.2481678884240495,1.3887984362176835,0.3244413962712968,-0.9699311373649437,-1.1358342779699158,-0.8458701445377125,1.6673324233992464,0.2647348247640058
QN1001,-0.11273200472052869,-0.466762614906467,0.7252745782298138,-0.39907484079094807,-0.11456830860885328,0.8505604483501964,-0.5408808320592784,-0.8499004266444928,-0.29651026700550603,-0.20324325479705493,1.7002586941697397,0.22481931214224296,-1.4461007362569391,-1.2122139721099217,-1.4748341498577016,2.2547926768231212,1.66549368724329
QN1002,-0.4399733883787509,-0.6669760525310499,0.8241810971660176,-0.44730062052554015,-0.059842639564919156,-0.4839667238701572,-0.39396147161321904,-0.36973005615713406,-0.27077380527367456,0.9833509990111305,1.555074664558275,0.9222106801674688,-1.3056674647491524,-1.3845866459105756,-1.23421790277405,1.984345179862742,0.04853353974562779
QN1003,1.3684554693164823,-0.1446803595563456,-2.5193405270989544,-1.4952087808938994,-1.1663719467984082,-1.2489168205141779,-0.6014255706621037,-1.307698209976971,6.712563367825095,-0.2481678884240495,-2.4124788835938906,-3.161205289903627,2.7836794995979406,2.4627357641997283,1.599914544027816,-1.6786929766934726,-0.43623524702211514
QN1101,-0.4943046364207857,-0.749126022504526,-0.14703040891004704,-0.9637600503479855,-0.16903991263248008,0.6934814255371404,1.628184270242807,0.8791504017527534,-0.29010286632479537,0.2608741473702147,-0.4662014814152982,-0.21672365712960112,0.13467399125419266,0.5056538542642608,0.3733772124768532,-1.0640334185250804,0.3426967474615463
QN1102,-0.444359456481161,-0.7558434774351427,-0.44591297387601486,-0.9996422954252656,2.979826812975878,-0.6796741649210734,-0.4565348309163965,0.8436843069493418,-0.2001745823239287,-0.033147936262050634,0.5183487057034281,-2.366870167258279,0.5633125654644185,0.1009873100941417,0.04944653265936846,0.7164502026213428,-0.16642039071125636
QN1103,-0.5905647521846913,-0.8104105319905694,-1.4388365591147838,-1.1046471448069026,-0.9275962298413788,-0.7855705829463636,-0.23760066166828764,4.378446968442935,-0.24594173921198553,-0.2481678884240495,-1.2884845640675981,0.27125571361843187,-0.12746277408892284,1.2913444875072,-0.7241422342674309,-0.6802512455033943,-0.26385339031135535
QN1201,-0.13546189334036055,-0.3987144712617016,0.7418512097150025,0.03808906904695926,0.20939351793118602,-0.4942737407339825,-0.6014255706621037,-0.6286019208018242,-0.3001563466167667,-0.04826957536600247,-0.14592914571613239,0.7026151776545776,0.15756762037810915,-0.18109359350452278,0.28028803278971465,-0.16816776092153154,-0.41418800511212067
QN1202,0.29447814037770675,-0.14735425844647618,2.13802612446123,-1.0443236753476384,-1.1048351294382615,-0.9660062691439765,-0.2451967180835653,-1.1608310754065179,-0.2980643544495361,-0.19530301177658901,0.2990664413666001,1.6469187220750077,-0.22174426831766908,-0.8296742356042267,0.552227204482342,-0.32408084715192326,1.2652833752519583
QN1203,-0.29081521159831347,-0.5961985757709014,1.277812367788088,-0.7274000339533967,-0.5603049813284339,-0.27931060417059406,0.492922970766373,-0.7394879243201701,-0.29130769358472514,-0.2481678884240495,1.8638890454657562,0.696640739700882,-1.641297334777689,-1.4728645773671316,-1.6168175781775813,2.3368763344237293,2.501131003100438
QN1204,-0.4352590704136908,-0.6671855548937605,1.0976835196926167,-0.3440845904066292,-0.6154577000672611,0.08709511377875127,-0.45011001218149516,-0.866927351208796,-0.27969090073480646,-0.2481678884240495,1.210222901716529,0.27848658600811893,-0.8638929859300432,-0.9799819488817934,-1.2278176545044233,2.4431096214174364,1.7434258505252915
QN1205,-0.41284703753848995,-0.6986464834128736,0.9990357813979145,-0.5628193599442225,0.013421754393404308,-0.1491497600225499,-0.4315365144452489,-0.7191587944830995,-0.27674119535181735,0.25606774188202847,1.9312250676415037,0.4507543932794355,-1.667319985711516,-1.4391765687835287,-1.746846543323915,1.9878916889338347,2.478213853096579
QN1206,-0.31586458870488726,-0.6067706234800337,1.0604038667018694,-0.3572290624535304,0.051438279125531165,-0.17269676397705552,-0.44155420515916666,-0.9538538801337041,-0.2783321308150014,-0.2481678884240495,1.4465527146698978,0.707178492900069,-1.5282490811884366,-1.0935280021216323,-1.4596224460339264,0.14945883897656462,0.5829667705232127
QN1302,-0.6061183201658484,-0.8026017879216053,-0.22186077554549102,-0.9628748583427922,-0.9191131236499125,0.036771061932856695,-0.2293940847736903,1.8856541901810757,-0.30372171731650094,0.3039322143076994,-0.5811765487475481,-0.9781933666518047,2.748942855056398,-0.2398074064416841,2.183761299314777,-1.0901768920560089,-0.36786483732745745
QN1303,-0.49773857321327897,-0.7232790675178765,0.8940812205496317,-0.6005533927954181,-0.5866075713512902,0.15661404380169638,-0.49303523632878715,-0.36241301406696264,-0.29511484215525874,-0.2481678884240495,0.7732473747762202,-0.19294158369888204,-0.9187421145228101,-0.3258729268807411,-1.0944823618632382,1.2906647949922088,0.9898287606983345
QN1304,-0.46989268884980606,-0.7404748628832605,-0.9597292536649864,-0.6089420380310255,1.322072119370715,3.360507379573003,-0.3368256368484193,-0.07811820621747202,-0.2616999150586716,-0.2481678884240495,0.8378740149039635,2.309020729357973,-0.991430428515845,-1.298159123610376,-0.682435001444565,-0.6366473170906787,1.6317686490699164
QN1305,-0.5589767162336037,-0.7677106314665468,0.470688968099052,-0.519563084762718,-0.5751705756472572,0.5070204607527027,-0.6014255706621037,0.07015345232261881,-0.30372171731650094,-0.2481678884240495,1.422821816238236,-0.8516339695842247,0.00015745429974441458,-1.1573242578301206,-0.5330975308028497,2.6395933041010977,2.8684438605723495
QN1306,-0.51992811415407,-0.7893174318153444,0.5522257377715516,-0.4569014289024095,0.1330462195583327,0.7735740719396202,-0.32344698850952514,-0.6031340558710304,-0.30372171731650094,-0.2481678884240495,1.669931921242774,-0.677730478464701,-1.8486521919064873,-0.6655843133591708,-2.457882223409702,2.908763420678324,2.8238943504432528
QN1307,-0.5083166714457538,-0.7657978106780944,0.8849908414583726,-0.6217466045174813,0.1469568264595469,-0.040054313040851615,-0.3594686629693947,-0.5529304401332804,-0.30372171731650094,-0.2481678884240495,1.352271170324436,-0.9666067008512681,-0.6177879585975093,-0.7692274417034516,-0.8359393726165791,1.3612846827799556,2.1231151816645024
QN1401,-0.4486669066044749,-0.6528949141880227,1.4494606707861561,-0.8693600669702449,-0.9401121234027034,-0.6530281578739232,0.038059891349644076,-0.46427967677844134,-0.30372171731650094,-0.2481678884240495,-0.233933271079867,0.1876771085476097,0.1351033384623326,0.11298807931678036,0.18674642572016464,-0.26232436240921186,-0.37535967365269185
QN1402,-0.33875295822641543,-0.6358340054801652,0.7969202392790026,0.023647217786626554,-0.33897734051762923,-0.41017970847835866,-0.16121037828524437,-0.5380484199724608,-0.30372171731650094,-0.11751074667436515,0.23568652571312937,-1.0444470644614299,0.3099146626446046,0.01036980762148488,0.031782807607498145,-0.6334639253939743,0.061472262459498474
QN1403,-0.4127397072833162,-0.7741477243980983,0.41446783076636695,0.01441543539082791,-0.7343209576089647,-0.5648535327934943,0.31657419971190337,0.29219737978062094,-0.2891427246964377,-0.2481678884240495,-1.1842730382994404,2.175661441321975,-0.17737027955045767,0.49180336846886646,0.8190253801785999,-0.7565581202256468,0.05296197162686334
SI0101,0.25246740028239445,-0.42814998616292554,-0.9221238500674174,0.9217964740350555,1.1528018966164413,2.7396842090427556,-0.6014255706621037,-0.9009114647233073,-0.29024302602625374,-0.2481678884240495,-0.21590490130196774,-1.0977992157523184,0.36019405675965943,0.47679209842853687,0.016357880568732157,-0.13589980319905123,-0.7069471533054884
SI0102,-0.2651812507681162,-0.6447152878873911,0.9185344840575216,-0.2617793905699924,-0.3935127719122839,-0.39923603840359245,-0.41001285258411924,-0.45165364961260607,-0.30372171731650094,-0.2481678884240495,0.7353702561040301,-0.2331089643952063,-0.7982605959357181,-0.32452550164682886,-0.8303329901781316,0.20072310747726022,-0.3509291726122791
SI0103,-0.4210175852495336,-0.7154294650931998,1.5608084187109672,-1.221720204570158,-0.5119885280137305,-0.5788969040523202,-0.6014255706621037,-0.5308433976938054,-0.30372171731650094,-0.2481678884240495,-0.5676652220977091,-0.5383551723946666,0.6392194204070171,0.509463484095616,0.611083820198203,-0.11277726287505102,-0.995736383785852
SI0104,-0.49294112251488414,-0.7817102565135678,0.6755209590959539,-0.9514676939207591,-0.6182873054296925,-0.623527067238158,-0.10413725284141041,0.41728191217785265,-0.07995738000052176,-0.00217353779315298,-0.7611963049253491,-0.05399110663223085,0.7097688060874997,0.4977928462859476,0.9995471383264813,-0.8106809344616362,-0.10347830975649136
SI0105,-0.5387014676147795,-0.7928563497562329,0.6282085305823992,-1.3228469862484185,-0.6614701567729454,-0.009175874649683788,0.5079956764939272,0.5480658392505074,-0.19800767665891222,0.08111154504376489,-1.4647264282838854,-2.2289594657656964,0.1246290268797595,2.299866106749096,-0.5629864841222767,-0.7003151510247702,-1.1100932225557527
SI0106,-0.3865600361339729,-0.7272276658155086,0.3235117532517511,-0.6460582252492924,0.9645987186712801,-0.3044978421091428,-0.17116306959115601,0.04870894499815995,-0.2524733889107569,0.0710899970686575,0.3389389216166219,0.3905085186121784,-0.509849637205216,-0.2736724040053472,-0.2414263482914807,0.6738489313860319,-0.008038364760904654
SI0107,-0.468176759841732,-0.7842965527450367,0.7380548452052067,-0.014733084034757786,-0.11222528149144198,-0.5465986560093649,-0.6014255706621037,-0.43539842745026824,-0.26449670722225416,-0.2481678884240495,1.0304257178420348,0.3025724895927495,-0.2660279916846222,-1.065448705631283,-0.28521004191364435,0.8086222782183962,0.2032098889854152
SI0201,-0.4754860653814072,-0.7733958913420848,1.0197778670917075,-1.2617615781407616,-0.8490363827260359,-0.4310337279432809,-0.13018568853678003,0.39347599215929047,-0.30372171731650094,-0.2481678884240495,-0.522207114213585,-0.5247159644202899,0.5582723278993218,0.4927966235401991,0.5609260176938192,0.036169525473829,-0.0474686885718873
SI0202,-0.46817275888437815,-0.7700099391727211,-0.3390912124573462,-1.3301992257033104,-0.4228630321425409,0.7768428897766676,-0.02044489406923898,1.7343187248043548,-0.28834387578574927,-0.2481678884240495,-1.4717765703050003,-1.3928677294662488,1.2056133251610015,1.5184753501466275,1.1298299645024212,-0.6319783426021787,-0.2949546776452089
SI0203,-0.6229146802301035,-0.8335787169572654,0.5866453611413078,-1.1861847515159327,-0.813225365270951,-0.4919124334751071,-0.6014255706621037,1.0873596103188732,-0.30372171731650094,-0.2481678884240495,-0.435772463595311,-1.8082045113906202,1.9665605239288708,0.2644023820691047,1.628412318521885,-0.2700803593559158,-0.4270065288290876
SI0204,-0.6199912482791703,-0.8312124450397302,-0.2951519454233813,0.08843080322506541,-0.5499283421972947,1.1545347191590263,-0.3410035305402143,0.38388615798177267,-0.2830425672580428,-0.2481678884240495,0.9935401273929463,-0.09810333720249087,-0.39705767642481715,-0.8194501554383392,-0.41989894641221037,0.910522660471094,0.14260826139658314
SI0301,-0.6001738004525575,-0.8131887828308402,0.8816722270063739,-1.5102306977086388,-0.8095021025865851,-0.7354038317064778,-0.6014255706621037,0.9670314658372742,-0.2657599925715053,-0.2481678884240495,-1.036266750042261,-1.131906601078106,0.4055754864618716,1.3207826880037177,0.07004138591032605,-0.5257591729888031,-0.93155800352018
SI0302,-0.6012117322769773,-0.8026298626886532,-0.41801859363641575,-1.1841113222289896,-0.8660551503796499,2.3152467125907568,0.2805742087168443,1.075923464355746,-0.30372171731650094,-0.2481678884240495,-1.9103539100344638,-1.9785973628309916,4.0654649951355175,0.9349119838210328,3.1546304182590794,-0.9946437524019401,-0.4531471239714211
SI0303,-0.654386653204908,-0.8183788129451546,-0.17753956231532106,-0.6709007558073927,-0.44325579241620333,1.0164102381518465,-0.6014255706621037,0.8886699341931399,-0.30372171731650094,-0.2481678884240495,-0.5439762045321977,0.80602941052078,-0.5414501263210536,0.5006591192917761,0.10337603940494212,0.2577649705945384,0.5068065265078341
SI0304,-0.6343774066373937,-0.830494464778831,-0.27426579523565064,-0.600153373247016,-0.8837013380389271,-0.9207397412107079,-0.6014255706621037,2.099274074088483,-0.21154486075093973,0.6131730343128725,-0.8652155406010199,-2.401664043654191,0.21595137832680789,1.7023570170201647,-0.46179028586553333,-0.061075462042831166,0.2740057963206682
SI0305,-0.5148139228672043,-0.8295593818082124,-0.827830251986871,0.157950340899593,-0.32944298660753674,-0.6014581867919624,-0.2087256688910007,1.9968962666402836,-0.30372171731650094,0.9173767728985315,-1.686853446259351,-1.7089152470248614,3.183599705682803,0.9899207867421912,2.987360140588539,-1.063140179020969,-0.2537674932466427
