ntacode,nta_name,borough_name,is_residential,ntatype_label,cluster_id,cluster_label,is_outlier_cluster,rate_per_1k_pop,rate_per_km2,share_noise___residential,share_noise___street/sidewalk,share_noise___commercial,share_noise___vehicle,share_noise___park,share_noise,share_noise___helicopter,share_noise___house_of_worship,share_evening,share_early_am,share_core_night,share_predawn,late_night_share,weekend_uplift,warm_season_ratio
QN1104,Oakland Gardens-Hollis Hills,Queens,True,Residential/Mixed,-1,Low Volume,True,7.176055028815765,52.41431753960156,0.49740932642487046,0.05699481865284974,0.0,0.06217616580310881,0.0,0.3626943005181347,0.015544041450777202,0.0051813471502590676,0.2538860103626943,0.11917098445595854,0.19689119170984457,0.43005181347150256,0.27461139896373055,1.7324561403508771,1.1956521739130435
QN1301,Glen Oaks-Floral Park-New Hyde Park,Queens,True,Residential/Mixed,-1,Low Volume,True,6.760960637106475,38.62770801239251,0.2822085889570552,0.05521472392638037,0.06748466257668712,0.1165644171779141,0.049079754601226995,0.4233128834355828,0.0,0.006134969325153374,0.3128834355828221,0.10429447852760736,0.13496932515337423,0.44785276073619634,0.17791411042944785,1.0745614035087718,1.4454545454545455
BK0302,Bedford-Stuyvesant (East),Brooklyn,True,Residential/Mixed,0,Cluster_0,False,48.32633499206615,1167.115707539039,0.6064328791601519,0.1380388653115926,0.07951753406298862,0.06097833370560643,0.005807460352914898,0.10609783337056064,0.002233638597274961,0.0008934554389099843,0.40808577172213534,0.1657359839178021,0.1371454098726826,0.28903283448737993,0.20772838954657136,1.7981950844854073,1.1300738007380073
BK0402,Bushwick (East),Brooklyn,True,Residential/Mixed,0,Cluster_0,False,50.01660577881103,1160.6220399482863,0.5099601593625498,0.17961487383798141,0.09362549800796813,0.09860557768924302,0.0049800796812749,0.11254980079681275,0.0006640106241699867,0.0,0.43326693227091634,0.19355909694555112,0.13612217795484727,0.23705179282868527,0.21812749003984064,2.3643410852713176,1.296718972895863
BK0501,Cypress Hills,Brooklyn,True,Residential/Mixed,0,Cluster_0,False,44.60992907801418,833.1535017671846,0.4917859035506094,0.21568627450980393,0.13248542660307366,0.11022787493375728,0.0,0.0492845786963434,0.0,0.0005299417064122947,0.48754636989931105,0.22098569157392686,0.10545839957604664,0.18600953895071543,0.17064122946475888,2.3236196319018405,1.6363636363636365
BK0502,East New York (North),Brooklyn,True,Residential/Mixed,0,Cluster_0,False,34.24719713131496,582.028703843883,0.5666003976143141,0.20543406229290923,0.07488402915838303,0.0536779324055666,0.0033134526176275677,0.09343936381709742,0.0026507620941020544,0.0,0.4294234592445328,0.1901921802518224,0.10934393638170974,0.2710404241219351,0.17892644135188868,2.330345710627401,1.5451807228915662
BK0503,East New York-New Lots,Brooklyn,True,Residential/Mixed,0,Cluster_0,False,36.35027418169484,446.93552314482474,0.6283048211508554,0.168481078278901,0.0736132711249352,0.058061171591498185,0.0015552099533437014,0.06842923794712286,0.0,0.0015552099533437014,0.4432348367029549,0.1964748574390876,0.1088646967340591,0.2514256091238984,0.1809227579056506,2.1729651162790695,1.596505162827641
BK0505,East New York-City Line,Brooklyn,True,Residential/Mixed,0,Cluster_0,False,27.208250112093914,455.76243039692355,0.6771535580524345,0.14232209737827714,0.03146067415730337,0.08689138576779026,0.0022471910112359553,0.045692883895131084,0.00149812734082397,0.012734082397003745,0.3550561797752809,0.1902621722846442,0.12284644194756554,0.3318352059925094,0.21797752808988763,1.6408188585607941,1.292604501607717
BK1201,Sunset Park (East)-Borough Park (West),Brooklyn,True,Residential/Mixed,0,Cluster_0,False,30.879947661105657,864.8374558193223,0.524364406779661,0.24470338983050846,0.06779661016949153,0.05402542372881356,0.001059322033898305,0.1048728813559322,0.00211864406779661,0.001059322033898305,0.3718220338983051,0.22245762711864406,0.1430084745762712,0.2627118644067797,0.23834745762711865,1.6549295774647887,1.567741935483871
BK1302,Coney Island-Sea Gate,Brooklyn,True,Residential/Mixed,0,Cluster_0,False,27.706536100101033,322.5381927173333,0.6276297335203366,0.182328190743338,0.023842917251051893,0.03716690042075736,0.0070126227208976155,0.12201963534361851,0.0,0.0,0.4060308555399719,0.16549789621318373,0.16479663394109398,0.26367461430575034,0.22159887798036465,1.5419501133786848,1.4702194357366773
BK1601,Ocean Hill,Brooklyn,True,Residential/Mixed,0,Cluster_0,False,37.42742518252722,804.7580557164475,0.6790945406125166,0.12383488681757657,0.04860186418109188,0.05525965379494008,0.0019973368841544607,0.08455392809587217,0.004660452729693742,0.0019973368841544607,0.3794940079893475,0.19374167776298268,0.14247669773635152,0.28428761651131823,0.21571238348868177,1.8310265282583622,1.1916279069767444
BK1701,East Flatbush-Erasmus,Brooklyn,True,Residential/Mixed,0,Cluster_0,False,46.027784526359966,1134.589182920543,0.5911708253358925,0.13531669865642995,0.06813819577735125,0.1017274472168906,0.0,0.10028790786948176,0.0,0.0033589251439539347,0.3857965451055662,0.16938579654510558,0.12859884836852206,0.31621880998080615,0.1890595009596929,1.5076923076923077,0.9172932330827067
BK1702,East Flatbush-Farragut,Brooklyn,True,Residential/Mixed,0,Cluster_0,False,27.394929385741026,431.05651317340147,0.6801242236024845,0.07556935817805382,0.07556935817805382,0.048654244306418216,0.002070393374741201,0.11490683229813664,0.0010351966873706005,0.002070393374741201,0.42132505175983437,0.19254658385093168,0.14492753623188406,0.2412008281573499,0.22981366459627328,1.843525179856115,1.3710407239819005
BK1703,East Flatbush-Rugby,Brooklyn,True,Residential/Mixed,0,Cluster_0,False,30.891840607210625,483.0948555666338,0.6699426699426699,0.1122031122031122,0.10237510237510238,0.04832104832104832,0.000819000819000819,0.06388206388206388,0.001638001638001638,0.000819000819000819,0.4201474201474201,0.19983619983619982,0.14742014742014742,0.2325962325962326,0.23669123669123668,2.0356612184249627,1.3043478260869565
BK1803,Canarsie,Brooklyn,True,Residential/Mixed,0,Cluster_0,False,17.55690266498913,234.2510149620025,0.6110749185667752,0.1022801302931596,0.15765472312703582,0.04495114006514658,0.0013029315960912053,0.07947882736156352,0.0013029315960912053,0.001954397394136808,0.46514657980456026,0.18371335504885994,0.11465798045602606,0.23648208469055373,0.18697068403908795,2.1013189448441247,1.3982808022922635
BX0102,Melrose,Bronx,True,Residential/Mixed,0,Cluster_0,False,41.01964452759589,1093.1087038532164,0.6607753705815279,0.169327251995439,0.04161915621436716,0.0701254275940707,0.0011402508551881414,0.056442417331812995,0.0,0.0005701254275940707,0.38939566704675027,0.20182440136830102,0.14481185860889395,0.26396807297605474,0.2274800456100342,1.5943043884220356,1.366804979253112
BX0201,Hunts Point,Bronx,True,Residential/Mixed,0,Cluster_0,False,52.20745230387767,181.2027666221809,0.5646437994722955,0.22955145118733508,0.0316622691292876,0.09366754617414248,0.009234828496042216,0.06992084432717678,0.0013192612137203166,0.0,0.45646437994722955,0.1741424802110818,0.1279683377308707,0.24142480211081793,0.18865435356200527,2.077294685990338,1.4069767441860466
BX0202,Longwood,Bronx,True,Residential/Mixed,0,Cluster_0,False,37.754511241918365,1094.1034486487265,0.552076677316294,0.2715654952076677,0.04472843450479233,0.07476038338658147,0.0012779552715654952,0.054952076677316296,0.0,0.0006389776357827476,0.49776357827476037,0.2134185303514377,0.11246006389776358,0.17635782747603834,0.20702875399361023,2.163289630512515,1.154867256637168
BX0301,Morrisania,Bronx,True,Residential/Mixed,0,Cluster_0,False,62.56170140749725,1728.6137341616566,0.6041478809738503,0.2569882777276826,0.04012623985572588,0.046438232642019836,0.009918845807033363,0.04192966636609558,0.0004508566275924256,0.0,0.3886384129846709,0.20153291253381425,0.15599639314697927,0.2538322813345356,0.239404869251578,1.83203125,1.2087286527514232
BX0602,Tremont,Bronx,True,Residential/Mixed,0,Cluster_0,False,57.30782224133166,1268.881177410841,0.6312968917470525,0.1907824222936763,0.03858520900321544,0.08092175777063237,0.0021436227224008574,0.04930332261521972,0.0010718113612004287,0.005894962486602358,0.39603429796355843,0.16130760986066453,0.15969989281886388,0.2829581993569132,0.21918542336548769,1.9942196531791907,1.3094688221709005
BX0702,Bedford Park,Bronx,True,Residential/Mixed,0,Cluster_0,False,60.68957964480625,1457.6234228447095,0.595187969924812,0.1882706766917293,0.03127819548872181,0.06917293233082707,0.003909774436090226,0.11157894736842106,0.0003007518796992481,0.0003007518796992481,0.4201503759398496,0.20902255639097744,0.13353383458646617,0.23729323308270678,0.2213533834586466,1.800310398344542,1.1066282420749278
BX0703,Norwood,Bronx,True,Residential/Mixed,0,Cluster_0,False,47.80755944426233,1298.142256992272,0.5996835443037974,0.23470464135021096,0.025843881856540084,0.07067510548523206,0.012658227848101266,0.05643459915611814,0.0,0.0,0.4720464135021097,0.16666666666666666,0.10548523206751055,0.2558016877637131,0.1719409282700422,1.8566176470588236,1.3787528868360277
BX0801,Kingsbridge Heights-Van Cortlandt Village,Bronx,True,Residential/Mixed,0,Cluster_0,False,60.62648342954259,2030.126709827288,0.7191880135331078,0.14209763170613823,0.006766553890768487,0.06379893668438859,0.007249879168680522,0.055582406959884,0.0019333011116481392,0.0033832769453842437,0.402609956500725,0.19961333977767037,0.1580473658772354,0.23972933784436926,0.24117931367810536,1.6747376916868442,1.2195785180149559
BX0802,Kingsbridge-Marble Hill,Bronx,True,Residential/Mixed,0,Cluster_0,False,48.15842487361739,1107.638721111133,0.5217048145224941,0.25887924230465664,0.03867403314917127,0.11444356748224152,0.0015785319652722968,0.06393054459352802,0.0,0.0007892659826361484,0.5067087608524072,0.164956590370955,0.10812943962115233,0.2202052091554854,0.17916337805840568,2.2847432024169185,1.6128640776699028
BX0901,Soundview-Bruckner-Bronx River,Bronx,True,Residential/Mixed,0,Cluster_0,False,45.364509643309255,1017.9691176871283,0.556467498358503,0.2623112278397899,0.036769533814839134,0.08305975049244911,0.002298095863427446,0.058108995403808275,0.000984898227183191,0.0,0.48752462245567957,0.22586999343401182,0.10374261326329613,0.18286277084701247,0.1792514773473408,2.387676508344031,1.4553876157971721
BX0903,Castle Hill-Unionport,Bronx,True,Residential/Mixed,0,Cluster_0,False,35.689238681524195,449.56316655088483,0.5625909752547307,0.24672489082969432,0.046579330422125184,0.10844250363901019,0.002911208151382824,0.03275109170305677,0.0,0.0,0.44905385735080056,0.17903930131004367,0.11062590975254731,0.2612809315866084,0.16666666666666666,1.9843342036553526,1.3117154811715481
BX1001,Westchester Square,Bronx,True,Residential/Mixed,0,Cluster_0,False,36.851769771417715,407.26610525171805,0.47079037800687284,0.21993127147766323,0.10652920962199312,0.1563573883161512,0.0,0.0429553264604811,0.0,0.003436426116838488,0.4965635738831615,0.24914089347079038,0.07731958762886598,0.17697594501718214,0.14432989690721648,2.301980198019802,1.013793103448276
BX1002,Throgs Neck-Schuylerville,Bronx,True,Residential/Mixed,0,Cluster_0,False,23.785260068481982,188.95895638203845,0.5544130248500428,0.09940017137960583,0.11396743787489289,0.11739502999143102,0.0,0.11396743787489289,0.0,0.000856898029134533,0.44301628106255353,0.17309340188517566,0.1293916023993145,0.2544987146529563,0.1893744644387318,2.330298013245033,1.465561224489796
BX1101,Pelham Parkway-Van Nest,Bronx,True,Residential/Mixed,0,Cluster_0,False,42.0190539862945,867.9707518566483,0.6435958631662689,0.14001591089896578,0.04136833731105807,0.07159904534606205,0.0,0.10182975338106603,0.0015910898965791568,0.0,0.42402545743834524,0.16467780429594273,0.13762927605409706,0.273667462211615,0.21241050119331742,1.9074333800841516,0.8401221995926681
BX1103,Pelham Gardens,Bronx,True,Residential/Mixed,0,Cluster_0,False,15.850193420286876,165.76854654811262,0.6112311015118791,0.0755939524838013,0.1079913606911447,0.10583153347732181,0.0,0.09503239740820735,0.0,0.004319654427645789,0.38444924406047515,0.15982721382289417,0.12958963282937366,0.326133909287257,0.19870410367170627,2.021484375,1.0028818443804033
BX1201,Williamsbridge-Olinville,Bronx,True,Residential/Mixed,0,Cluster_0,False,35.13568246253544,618.3512072631563,0.6316042267050913,0.18011527377521613,0.040345821325648415,0.07780979827089338,0.008165225744476465,0.05811719500480307,0.001440922190201729,0.0024015369836695487,0.4125840537944284,0.20893371757925072,0.1431316042267051,0.23535062439961577,0.23535062439961577,1.877628259041211,1.1667778519012677
BX1202,Eastchester-Edenwald-Baychester,Bronx,True,Residential/Mixed,0,Cluster_0,False,24.57941474015512,250.41252826490327,0.7073170731707317,0.1410060975609756,0.038871951219512195,0.051829268292682924,0.0,0.0586890243902439,0.0,0.0022865853658536584,0.43597560975609756,0.21951219512195122,0.13719512195121952,0.2073170731707317,0.2111280487804878,2.0179063360881546,1.4474576271186443
MN1102,East Harlem (North),Manhattan,True,Residential/Mixed,0,Cluster_0,False,63.773771913522886,1697.0513994604391,0.5828071879553182,0.22292374939290918,0.046867411364740166,0.055366682855755224,0.003885381253035454,0.0794074793589121,0.0075279261777561925,0.0012141816415735794,0.3989800874210782,0.17314230208839243,0.14594463331714425,0.2819329771733851,0.21806702282661486,1.6065017949740727,1.0267275097783573
QN0302,East Elmhurst,Queens,True,Residential/Mixed,0,Cluster_0,False,32.85774394675439,321.4499017632804,0.6775320139697323,0.10244470314318975,0.03259604190919674,0.08847497089639116,0.006984866123399301,0.08847497089639116,0.0,0.0034924330616996507,0.49941792782305006,0.18742724097788127,0.11175785797438882,0.20139697322467986,0.1839348079161816,2.7764127764127764,1.3752122241086588
QN0303,North Corona,Queens,True,Residential/Mixed,0,Cluster_0,False,36.115569823434996,1179.591169423329,0.5928104575163399,0.1830065359477124,0.08562091503267974,0.09869281045751634,0.0,0.03333333333333333,0.00130718954248366,0.00522875816993464,0.5078431372549019,0.2235294117647059,0.08823529411764706,0.1803921568627451,0.1718954248366013,3.1919642857142856,1.4433688286544046
QN0402,Corona,Queens,True,Residential/Mixed,0,Cluster_0,False,27.518392756083756,871.3877088321331,0.5969151670951157,0.2020565552699229,0.07043701799485862,0.07352185089974293,0.010282776349614395,0.04627249357326478,0.0,0.0005141388174807198,0.4755784061696658,0.17840616966580977,0.11773778920308484,0.2282776349614396,0.19434447300771207,2.4415650406504064,1.3158284023668638
QN0703,Bay Terrace-Clearview,Queens,True,Residential/Mixed,0,Cluster_0,False,13.946764180627603,89.79060024058093,0.5426829268292683,0.11890243902439024,0.021341463414634148,0.057926829268292686,0.012195121951219513,0.23780487804878048,0.009146341463414634,0.0,0.38109756097560976,0.1798780487804878,0.1402439024390244,0.29878048780487804,0.1798780487804878,1.6624365482233503,1.8712871287128714
QN0706,Queensboro Hill,Queens,True,Residential/Mixed,0,Cluster_0,False,21.230693797499388,176.35880216607546,0.6027713625866051,0.09237875288683603,0.023094688221709007,0.08314087759815242,0.009237875288683603,0.18937644341801385,0.0,0.0,0.42725173210161665,0.20554272517321015,0.13394919168591224,0.23325635103926096,0.20092378752886836,2.311111111111111,1.33
QN0902,Richmond Hill,Queens,True,Residential/Mixed,0,Cluster_0,False,27.94568303860103,353.4649392258782,0.6116700201207244,0.13480885311871227,0.06841046277665996,0.11770623742454728,0.001006036217303823,0.06438631790744467,0.001006036217303823,0.001006036217303823,0.41851106639839036,0.17404426559356137,0.18108651911468812,0.22635814889336017,0.25251509054325955,2.344054580896686,1.464071856287425
QN0903,South Richmond Hill,Queens,True,Residential/Mixed,0,Cluster_0,False,30.10854583046175,474.7231447092324,0.6881258941344778,0.12160228898426323,0.05150214592274678,0.09728183118741059,0.0,0.03862660944206009,0.0,0.002861230329041488,0.5665236051502146,0.17882689556509299,0.1044349070100143,0.15021459227467812,0.1759656652360515,3.588850174216028,1.865429234338747
QN0904,Ozone Park (North),Queens,True,Residential/Mixed,0,Cluster_0,False,21.29909916481272,347.54249961986164,0.6027397260273972,0.1113013698630137,0.04794520547945205,0.0958904109589041,0.018835616438356163,0.11986301369863013,0.0,0.003424657534246575,0.4674657534246575,0.1952054794520548,0.1284246575342466,0.2089041095890411,0.20376712328767124,2.0341614906832297,1.3582089552238805
QN0905,Woodhaven,Queens,True,Residential/Mixed,0,Cluster_0,False,28.25679936933386,520.3317303025583,0.6460331299040977,0.11508282476024412,0.06102877070619006,0.11857018308631212,0.0,0.05666957279860506,0.0026155187445510027,0.0,0.4978204010462075,0.1822144725370532,0.11595466434176112,0.2040104620749782,0.1926765475152572,2.513111888111888,1.3120300751879699
QN1001,South Ozone Park,Queens,True,Residential/Mixed,0,Cluster_0,False,39.1173760605009,429.968238152331,0.6200672988681554,0.1174671153257877,0.05812174977057204,0.13949219944937288,0.000611807892321811,0.06301621290914652,0.0009177118384827164,0.0003059039461609055,0.5313551544814928,0.17834200061180788,0.09421841541755889,0.1960844294891404,0.1624349954114408,2.7896440129449838,1.9807008633824277
QN1002,Ozone Park,Queens,True,Residential/Mixed,0,Cluster_0,False,19.581280788177338,204.49333094715297,0.6373165618448637,0.11320754716981132,0.06079664570230608,0.05870020964360587,0.0020964360587002098,0.11530398322851153,0.0041928721174004195,0.008385744234800839,0.5157232704402516,0.20545073375262055,0.10062893081761007,0.17819706498951782,0.1740041928721174,2.662337662337662,1.2088235294117646
QN1202,South Jamaica,Queens,True,Residential/Mixed,0,Cluster_0,False,63.42755376957852,789.6772086781547,0.8664506839452844,0.06047516198704104,0.009719222462203024,0.029517638588912886,0.003599712023038157,0.029157667386609073,0.0007199424046076314,0.0003599712023038157,0.3804895608351332,0.23362131029517638,0.15010799136069114,0.2357811375089993,0.2598992080633549,1.5757042253521125,1.789655172413793
QN1203,Baisley Park,Queens,True,Residential/Mixed,0,Cluster_0,False,28.485925792588258,284.2009929005665,0.7164296998420221,0.08846761453396525,0.036334913112164295,0.07109004739336493,0.011058451816745656,0.0750394944707741,0.001579778830963665,0.0,0.5489731437598736,0.1966824644549763,0.08530805687203792,0.16903633491311215,0.15560821484992102,2.8282828282828283,2.3796033994334276
QN1204,Springfield Gardens (North)-Rochdale Village,Queens,True,Residential/Mixed,0,Cluster_0,False,19.862722468565877,204.25739510612294,0.6850152905198776,0.12232415902140673,0.03363914373088685,0.09327217125382263,0.0015290519877675841,0.06116207951070336,0.0030581039755351682,0.0,0.4785932721712538,0.18042813455657492,0.12079510703363915,0.22018348623853212,0.1743119266055046,2.8782894736842106,2.0179028132992327
QN1205,St. Albans,Queens,True,Residential/Mixed,0,Cluster_0,False,21.200706083601755,168.8269563573664,0.6678111587982832,0.10300429184549356,0.06437768240343347,0.07896995708154507,0.0017167381974248926,0.07725321888412018,0.0034334763948497852,0.0034334763948497852,0.5562231759656653,0.1871244635193133,0.08412017167381974,0.17253218884120172,0.14935622317596567,2.6640070921985815,2.3686635944700463
QN1206,Hollis,Queens,True,Residential/Mixed,0,Cluster_0,False,26.990494462370282,272.29504140966293,0.678513731825525,0.12116316639741519,0.06623586429725363,0.07754442649434572,0.0016155088852988692,0.051696284329563816,0.0032310177705977385,0.0,0.5040387722132472,0.19709208400646203,0.09046849757673667,0.2084006462035541,0.1631663974151858,1.7986111111111112,1.4639423076923077
QN1303,Queens Village,Queens,True,Residential/Mixed,0,Cluster_0,False,16.132737264325975,141.08641265962746,0.6495071193866374,0.09967141292442497,0.03504928806133625,0.09748083242059145,0.001095290251916758,0.11610076670317634,0.001095290251916758,0.0,0.4315443592552026,0.16210295728368018,0.11829134720700986,0.28806133625410735,0.18072289156626506,2.3358050847457625,1.6581632653061225
QN1305,Laurelton,Queens,True,Residential/Mixed,0,Cluster_0,False,12.4768604220659,91.0487984157106,0.5756676557863502,0.10682492581602374,0.03560830860534125,0.11869436201780416,0.0,0.1632047477744807,0.0,0.0,0.5014836795252225,0.13649851632047477,0.16023738872403562,0.20178041543026706,0.20771513353115728,2.9707792207792205,2.5549450549450547
QN1306,Springfield Gardens (South)-Brookville,Queens,True,Residential/Mixed,0,Cluster_0,False,14.808036271369742,66.71580977395436,0.5898876404494382,0.11235955056179775,0.0702247191011236,0.1348314606741573,0.0028089887640449437,0.0898876404494382,0.0,0.0,0.5280898876404494,0.14325842696629212,0.07584269662921349,0.25280898876404495,0.1151685393258427,3.09748427672956,2.533678756476684
QN1307,Rosedale,Queens,True,Residential/Mixed,0,Cluster_0,False,15.501231760469963,93.20296496363814,0.6479217603911981,0.097799511002445,0.07090464547677261,0.08557457212713937,0.0024449877750611247,0.09535452322738386,0.0,0.0,0.4938875305623472,0.13202933985330073,0.13202933985330073,0.24205378973105135,0.19315403422982885,2.369047619047619,2.1991525423728815
SI0102,Tompkinsville-Stapleton-Clifton-Fox Hills,Staten Island,True,Residential/Mixed,0,Cluster_0,False,30.01625638643753,229.56279632318214,0.6537717601547389,0.12959381044487428,0.04448742746615087,0.06382978723404255,0.0019342359767891683,0.10638297872340426,0.0,0.0,0.4274661508704062,0.16054158607350097,0.12379110251450677,0.28820116054158607,0.19342359767891681,1.822742474916388,1.0181347150259068
SI0106,Port Richmond,Staten Island,True,Residential/Mixed,0,Cluster_0,False,22.77002277002277,136.63960906186637,0.55,0.09565217391304348,0.1108695652173913,0.06956521739130435,0.004347826086956522,0.1608695652173913,0.006521739130434782,0.002173913043478261,0.3847826086956522,0.18478260869565216,0.13695652173913042,0.29347826086956524,0.2217391304347826,2.0454545454545454,1.1818181818181819
SI0107,Mariner's Harbor-Arlington-Graniteville,Staten Island,True,Residential/Mixed,0,Cluster_0,False,17.897558070279928,72.37018670238415,0.6222961730449251,0.15141430948419302,0.05823627287853577,0.05490848585690516,0.0,0.10815307820299501,0.004991680532445923,0.0,0.45923460898502494,0.18136439267886856,0.1480865224625624,0.2113144758735441,0.21963394342762063,2.1088957055214723,1.2826603325415677
SI0204,New Springville-Willowbrook-Bulls Head-Travis,Staten Island,True,Residential/Mixed,0,Cluster_0,False,8.834333007857907,19.5347897025611,0.4421052631578947,0.16052631578947368,0.03684210526315789,0.15789473684210525,0.002631578947368421,0.19736842105263158,0.002631578947368421,0.0,0.45526315789473687,0.16578947368421051,0.14210526315789473,0.23684210526315788,0.2131578947368421,2.1568627450980395,1.2537313432835822
BK0101,Greenpoint,Brooklyn,True,Residential/Mixed,1,Cluster_1,False,61.47412441191845,716.7434538666314,0.25892857142857145,0.14243197278911565,0.15476190476190477,0.09098639455782313,0.010629251700680272,0.334608843537415,0.007653061224489796,0.0,0.296343537414966,0.1560374149659864,0.19727891156462585,0.35034013605442177,0.274234693877551,1.9579226686884001,0.9507278835386337
BK0203,Fort Greene,Brooklyn,True,Residential/Mixed,1,Cluster_1,False,47.00904924197908,982.2347243893681,0.270625,0.14625,0.091875,0.101875,0.00375,0.375,0.005,0.005625,0.225625,0.151875,0.22,0.4025,0.300625,1.413894324853229,0.7735849056603773
BK0204,Clinton Hill,Brooklyn,True,Residential/Mixed,1,Cluster_1,False,42.03074881097224,842.3932795338804,0.41228070175438597,0.12105263157894737,0.07719298245614035,0.07280701754385965,0.0017543859649122807,0.30526315789473685,0.0061403508771929825,0.0035087719298245615,0.2236842105263158,0.16052631578947368,0.2236842105263158,0.39210526315789473,0.3087719298245614,1.3617886178861789,1.0093786635404456
BK0602,Park Slope,Brooklyn,True,Residential/Mixed,1,Cluster_1,False,32.75643731532292,808.3848426258093,0.15618556701030928,0.08917525773195877,0.0788659793814433,0.09690721649484536,0.0010309278350515464,0.35309278350515466,0.2231958762886598,0.0015463917525773195,0.19123711340206184,0.11855670103092783,0.20824742268041238,0.48195876288659795,0.27474226804123714,1.3614649681528663,0.846662260409782
BK0701,Windsor Terrace-South Slope,Brooklyn,True,Residential/Mixed,1,Cluster_1,False,19.462043324860577,360.6174161701988,0.28460038986354774,0.08966861598440545,0.09161793372319688,0.12085769980506822,0.0,0.3840155945419103,0.029239766081871343,0.0,0.17153996101364521,0.12085769980506822,0.20077972709551656,0.50682261208577,0.26120857699805067,1.2173913043478262,0.8571428571428571
BK1202,Borough Park,Brooklyn,True,Residential/Mixed,1,Cluster_1,False,8.797551173006823,200.2208659678538,0.31341301460823373,0.08632138114209828,0.055776892430278883,0.39707835325365204,0.0026560424966799467,0.1407702523240372,0.0013280212483399733,0.0026560424966799467,0.1899070385126162,0.10092961487383798,0.20849933598937584,0.50066401062417,0.25232403718459495,0.898014440433213,0.7338842975206611
BK1203,Kensington,Brooklyn,True,Residential/Mixed,1,Cluster_1,False,30.653647810266747,721.4430411897271,0.32023911187019644,0.19470538001707943,0.06917164816396243,0.22715627668659266,0.010247651579846286,0.1707941929974381,0.004269854824935952,0.0034158838599487617,0.20324508966695132,0.2322801024765158,0.21947053800170793,0.34500426985482496,0.3637916310845431,1.1823899371069182,0.8226332970620239
BX0803,Riverdale-Spuyten Duyvil,Bronx,True,Residential/Mixed,1,Cluster_1,False,34.242273288427796,270.1955399535743,0.40860215053763443,0.11005692599620494,0.018975332068311195,0.09171410499683745,0.018342820999367487,0.3181530676786844,0.033523086654016446,0.0006325110689437065,0.2998102466793169,0.14041745730550284,0.1840607210626186,0.3757115749525617,0.24351676154332702,1.4763581488933601,0.812700964630225
MN0101,Financial District-Battery Park City,Manhattan,True,Residential/Mixed,1,Cluster_1,False,41.689770603577514,1136.4733808329077,0.16798029556650246,0.1793103448275862,0.07586206896551724,0.05123152709359606,0.0004926108374384236,0.42758620689655175,0.09507389162561576,0.0024630541871921183,0.2413793103448276,0.14926108374384237,0.1793103448275862,0.43004926108374386,0.24729064039408866,1.3100600600600603,0.677536231884058
MN0102,Tribeca-Civic Center,Manhattan,True,Residential/Mixed,1,Cluster_1,False,39.61811834966564,746.7511471088984,0.2494692144373673,0.11571125265392782,0.13694267515923567,0.09341825902335456,0.0074309978768577496,0.3343949044585987,0.06263269639065817,0.0,0.24522292993630573,0.12845010615711253,0.18365180467091294,0.4426751592356688,0.23991507430997877,1.7509025270758123,0.7282321899736147
MN0203,West Village,Manhattan,True,Residential/Mixed,1,Cluster_1,False,75.69658469086106,1797.1077642884557,0.21977565434150395,0.17615288741171584,0.07810552555047777,0.08724553385957623,0.004985459077690071,0.2746157041960947,0.1591192355629414,0.0,0.3136684669713336,0.14416285832987122,0.14790195263813877,0.39426672206065644,0.19775654341503948,1.8573497465604636,0.9180683667932719
MN0501,Midtown South-Flatiron-Union Square,Manhattan,True,Residential/Mixed,1,Cluster_1,False,71.50262648603815,1496.7689713408597,0.2513291445142581,0.18559690671822135,0.11406476558724021,0.04833252779120348,0.011599806669888834,0.3320444659255679,0.05703238279362011,0.0,0.2561623972933784,0.1459642339294345,0.18318028032866118,0.41469308844852587,0.24746254229096182,1.4484732824427482,0.918560606060606
MN0502,Midtown-Times Square,Manhattan,True,Residential/Mixed,1,Cluster_1,False,85.4792228316445,806.2238915527432,0.1854268624252311,0.18433931484502447,0.11745513866231648,0.11419249592169657,0.002175095160413268,0.38499184339314846,0.011419249592169658,0.0,0.2615551930396955,0.1397498640565525,0.1658510059815117,0.4328439369222403,0.22457857531266992,1.2746305418719213,0.7865477007549759
MN0602,Gramercy,Manhattan,True,Residential/Mixed,1,Cluster_1,False,53.13805927232297,1982.2918912671462,0.2712842712842713,0.1443001443001443,0.08513708513708514,0.113997113997114,0.005050505050505051,0.3629148629148629,0.015873015873015872,0.001443001443001443,0.2821067821067821,0.1746031746031746,0.20923520923520925,0.33405483405483405,0.2972582972582973,1.6348448687350836,0.7125
MN0604,East Midtown-Turtle Bay,Manhattan,True,Residential/Mixed,1,Cluster_1,False,33.95198114597142,1133.0791174994768,0.2205350686912509,0.1301518438177874,0.07519884309472162,0.0824295010845987,0.0021691973969631237,0.4483007953723789,0.04121475054229935,0.0,0.26247288503253796,0.1272595806218366,0.175704989154013,0.4345625451916124,0.23499638467100506,1.483294930875576,0.6978609625668449
MN0801,Upper East Side-Lenox Hill-Roosevelt Island,Manhattan,True,Residential/Mixed,1,Cluster_1,False,28.960075667064917,1164.955486562422,0.26557799742157284,0.08852599914052428,0.07219596046411689,0.07262569832402235,0.0021486892995272885,0.48818220885259994,0.010743446497636441,0.0,0.18693596905887408,0.14353244520842287,0.20971207563386335,0.4598195100988397,0.27761065749892566,1.224391805377721,0.7694384449244062
MN0803,Upper East Side-Yorkville,Manhattan,True,Residential/Mixed,1,Cluster_1,False,33.83347285723485,2072.325728428025,0.24857251617815,0.15721355157974876,0.07460982108869432,0.05367339170156071,0.010658545869813475,0.4358583936048725,0.019413779977160258,0.0,0.21811952797868292,0.10315949752569471,0.19642177388656262,0.4822992006090598,0.24362390559573657,1.4515643802647413,0.767208413001912
MN0901,Morningside Heights,Manhattan,True,Residential/Mixed,1,Cluster_1,False,19.8295033358043,506.32898406502545,0.30173564753004006,0.16688918558077437,0.044058744993324434,0.0814419225634179,0.01335113484646195,0.3431241655540721,0.049399198931909215,0.0,0.27102803738317754,0.15353805073431243,0.1802403204272363,0.3951935914552737,0.25500667556742324,1.3608247422680413,0.7638190954773869
QN0102,Old Astoria-Hallets Point,Queens,True,Residential/Mixed,1,Cluster_1,False,64.79415159676799,817.1639387062937,0.3824228028503563,0.14014251781472684,0.060570071258907364,0.057007125890736345,0.0059382422802850355,0.34085510688836107,0.007125890736342043,0.0059382422802850355,0.32660332541567694,0.14726840855106887,0.18883610451306412,0.33729216152019004,0.26247030878859856,1.8047034764826175,1.0940032414910859
QN0201,Long Island City-Hunters Point,Queens,True,Residential/Mixed,1,Cluster_1,False,69.86020214537427,703.6705482268617,0.14246119733924612,0.31596452328159647,0.1008869179600887,0.07760532150776053,0.007206208425720621,0.31319290465631927,0.042682926829268296,0.0,0.23170731707317074,0.12250554323725056,0.1402439024390244,0.5055432372505543,0.19678492239467849,1.6224862888482632,1.7390542907180384
QN0803,Fresh Meadows-Utopia,Queens,True,Residential/Mixed,1,Cluster_1,False,14.744718309859154,108.6243590134818,0.46567164179104475,0.08358208955223881,0.023880597014925373,0.09253731343283582,0.005970149253731343,0.3194029850746269,0.005970149253731343,0.0029850746268656717,0.2417910447761194,0.11641791044776119,0.3074626865671642,0.33432835820895523,0.3522388059701492,1.359447004608295,1.1701244813278007
QN1103,Douglaston-Little Neck,Queens,True,Residential/Mixed,1,Cluster_1,False,10.591075461412663,42.96133624258121,0.2426470588235294,0.05514705882352941,0.01838235294117647,0.04044117647058824,0.003676470588235294,0.6323529411764706,0.007352941176470588,0.0,0.20955882352941177,0.1801470588235294,0.15441176470588236,0.45588235294117646,0.19852941176470587,1.4080459770114944,1.0597014925373136
QN1302,Bellerose,Queens,True,Residential/Mixed,1,Cluster_1,False,9.662537687529515,51.75533061792432,0.4548872180451128,0.06766917293233082,0.018796992481203006,0.09022556390977443,0.0037593984962406013,0.3609022556390977,0.0,0.0037593984962406013,0.2857142857142857,0.13157894736842105,0.2857142857142857,0.29699248120300753,0.3383458646616541,1.2150837988826817,1.0100502512562815
SI0202,New Dorp-Midland Beach,Staten Island,True,Residential/Mixed,1,Cluster_1,False,17.897796924801234,88.45938085294999,0.4344422700587084,0.03522504892367906,0.043052837573385516,0.1350293542074364,0.005870841487279843,0.34442270058708413,0.0019569471624266144,0.0,0.1898238747553816,0.11545988258317025,0.21526418786692758,0.4794520547945205,0.2876712328767123,1.4307692307692308,1.0448548812664906
SI0302,Great Kills-Eltingville,Staten Island,True,Residential/Mixed,1,Cluster_1,False,9.955457755851715,51.723713581774945,0.4206773618538324,0.0481283422459893,0.0213903743315508,0.2281639928698752,0.008912655971479501,0.2727272727272727,0.0,0.0,0.14260249554367202,0.09269162210338681,0.34581105169340465,0.41889483065953653,0.3850267379679144,1.2600536193029492,0.9693396226415093
SI0304,Annadale-Huguenot-Prince's Bay-Woodrow,Staten Island,True,Residential/Mixed,1,Cluster_1,False,7.975488820282534,20.34335947001571,0.44574780058651026,0.09970674486803519,0.020527859237536656,0.03225806451612903,0.0,0.3841642228739003,0.011730205278592375,0.005865102639296188,0.25513196480938416,0.07624633431085044,0.17008797653958943,0.49853372434017595,0.21114369501466276,1.6995073891625616,1.3164556962025316
SI0305,Tottenville-Charleston,Staten Island,True,Residential/Mixed,1,Cluster_1,False,15.113350125944583,21.396424381796006,0.3492063492063492,0.16666666666666666,0.047619047619047616,0.051587301587301584,0.003968253968253968,0.373015873015873,0.0,0.007936507936507936,0.16666666666666666,0.10317460317460317,0.3055555555555556,0.4246031746031746,0.376984126984127,1.2278106508875741,1.064516129032258
BX1203,Wakefield-Woodlawn,Bronx,True,Residential/Mixed,2,Cluster_2,True,779.9929756420056,10250.020402911963,0.9761349790750649,0.007231021878476453,0.009270540869841606,0.0031254966361180274,7.946177888435662e-05,0.0041055252423584255,2.6487259628118875e-05,2.6487259628118875e-05,0.24749695396514276,0.21563278063251576,0.20456110610796208,0.33230915929437943,0.3083117020713037,1.1395712027146878,2.950509614374278
QN0802,Pomonok-Electchester-Hillcrest,Queens,True,Residential/Mixed,3,Cluster_3,True,180.8880152938959,1955.7377251616467,0.12950282822268533,0.0055075915451027095,0.0007442691277165823,0.6135754688895505,0.0,0.14245311104495387,0.015927359333134862,0.0922893718368562,0.055224769276570405,0.06356058350699613,0.17281929145579042,0.708395355760643,0.20735337898183984,0.8833601933924256,0.6952695269526953
BK0102,Williamsburg,Brooklyn,True,Residential/Mixed,4,Cluster_4,False,54.70292795944706,1312.4308523230163,0.2893689596361569,0.1856168277430358,0.15093803297328026,0.1191017623649801,0.017907902217168845,0.23138146674246732,0.0045480386583285955,0.0011370096645821489,0.38573052870949404,0.1617396247868107,0.14752700397953383,0.30500284252416143,0.20665150653780556,2.0499224004138643,1.1034214618973561
BK0104,East Williamsburg,Brooklyn,True,Residential/Mixed,4,Cluster_4,False,61.27376425855513,663.7390323198053,0.4089357741234874,0.17654359292584548,0.13807012100527458,0.08253180266832144,0.001861619609059882,0.18988520012410798,0.0021718895439031957,0.0,0.3462612472851381,0.1787154824697487,0.15048091839900712,0.32454235184610614,0.23146137139311201,2.14677047289504,1.1039898132427843
BK0301,Bedford-Stuyvesant (West),Brooklyn,True,Residential/Mixed,4,Cluster_4,False,43.01781737193764,1126.6487795890303,0.46000517732332386,0.1724048666839244,0.11001812063163345,0.07196479420139788,0.0064716541548019675,0.17525239451203728,0.0020709293295366298,0.0018120631633445508,0.3595651048407973,0.12555009060315817,0.16567434636293035,0.34921045819311414,0.22081283976184313,1.7320333041191938,1.1198009242801281
BK0401,Bushwick (West),Brooklyn,True,Residential/Mixed,4,Cluster_4,False,78.55266038975257,2003.0203610296157,0.4199767711962834,0.18629500580720093,0.17584204413472707,0.08873403019744483,0.003484320557491289,0.12288037166085947,0.0020905923344947735,0.0006968641114982578,0.45714285714285713,0.2069686411149826,0.12961672473867597,0.2062717770034843,0.22206736353077816,2.3987255348202097,1.1169907554988843
BK0703,Sunset Park (Central),Brooklyn,True,Residential/Mixed,4,Cluster_4,False,25.68538727708278,664.6259892979944,0.4153713298791019,0.2694300518134715,0.10621761658031088,0.08290155440414508,0.018998272884283247,0.10621761658031088,0.0,0.0008635578583765112,0.4153713298791019,0.18048359240069084,0.12867012089810018,0.2754749568221071,0.19948186528497408,1.8080357142857142,0.8344370860927152
BK0902,Prospect Lefferts Gardens-Wingate,Brooklyn,True,Residential/Mixed,4,Cluster_4,False,58.011690970097284,1230.9276130252922,0.48162968352128044,0.20043652237177156,0.06947981084030556,0.10294652600945799,0.0065478355765733,0.1291378683157512,0.009457984721716987,0.0003637686431429611,0.3845034558021099,0.16769734448890505,0.1353219352491815,0.31247726445980356,0.19789014186977083,1.4933178384660082,0.8882602545968883
BK1801,Flatlands,Brooklyn,True,Residential/Mixed,4,Cluster_4,False,19.063485978828176,256.13563668991213,0.5382830626450116,0.11987625676720805,0.16550657385924208,0.06960556844547564,0.0,0.0920340293890178,0.005413766434648105,0.009280742459396751,0.4609435421500387,0.1662799690641918,0.12993039443155452,0.242846094354215,0.19180201082753287,2.027310924369748,1.1844660194174756
BX0603,Belmont,Bronx,True,Residential/Mixed,4,Cluster_4,False,63.900666262870985,1523.9187108633305,0.5415769065058165,0.16544592847910383,0.17535545023696683,0.05730288668677294,0.00043084877208099956,0.05945713054717794,0.0,0.00043084877208099956,0.44248168892718653,0.17320120637656183,0.13916415338216287,0.24515295131408876,0.2089616544592848,1.8726450640542578,1.0482558139534883
MN0201,SoHo-Little Italy-Hudson Square,Manhattan,True,Residential/Mixed,4,Cluster_4,False,76.84594348222424,1404.9882331910667,0.3291814946619217,0.1506524317912218,0.15895610913404506,0.09252669039145907,0.0005931198102016608,0.2568208778173191,0.010676156583629894,0.0005931198102016608,0.3582443653618031,0.16429418742586002,0.14412811387900357,0.3333333333333333,0.2022538552787663,2.03713670613563,0.6546242774566474
MN0202,Greenwich Village,Manhattan,True,Residential/Mixed,4,Cluster_4,False,53.61611611611612,1740.4231175904545,0.19253208868144692,0.2526254375729288,0.11668611435239207,0.088098016336056,0.019253208868144692,0.32438739789964993,0.004667444574095682,0.001750291715285881,0.3547257876312719,0.15110851808634773,0.16102683780630106,0.3331388564760793,0.2193698949824971,1.7679282868525896,0.880754716981132
MN0301,Chinatown-Two Bridges,Manhattan,True,Residential/Mixed,4,Cluster_4,False,38.90274314214464,1454.8905247174337,0.41794871794871796,0.16987179487179488,0.1596153846153846,0.060897435897435896,0.025,0.13846153846153847,0.026282051282051282,0.0019230769230769232,0.3942307692307692,0.175,0.11217948717948718,0.31858974358974357,0.18012820512820513,1.5667361835245046,0.9032527105921601
MN0302,Lower East Side,Manhattan,True,Residential/Mixed,4,Cluster_4,False,76.98689956331877,2303.9876329963104,0.36585365853658536,0.22858763471355645,0.12620533182076007,0.11429381735677822,0.011627906976744186,0.1505955757231991,0.0028360748723766306,0.0,0.43448667044809985,0.17555303460011346,0.12932501418037437,0.26063528077141235,0.19143505388542256,1.936336185203825,1.1810276679841898
MN0303,East Village,Manhattan,True,Residential/Mixed,4,Cluster_4,False,75.02814096458569,2947.7225706030963,0.4283516060780919,0.23350644354683592,0.10848240046162723,0.05577995768417003,0.006732063858434314,0.16387766878245816,0.0032698595883823814,0.0,0.41065589536449315,0.17157145604924023,0.1377187920753991,0.28005385651086745,0.21311790728986343,1.9405534677143834,0.9596344249809596
MN0402,Hell's Kitchen,Manhattan,True,Residential/Mixed,4,Cluster_4,False,55.962948668467774,1783.025466876576,0.3057471264367816,0.16945812807881774,0.1579638752052545,0.0883415435139573,0.0013136288998357964,0.2545155993431856,0.02167487684729064,0.0009852216748768472,0.33825944170771755,0.1825944170771757,0.15073891625615762,0.3284072249589491,0.23119868637110016,1.4320764462809918,0.7904564315352697
QN0101,Astoria (North)-Ditmars-Steinway,Queens,True,Residential/Mixed,4,Cluster_4,False,36.52163220134036,329.0012650047994,0.32940516273849607,0.1936026936026936,0.1251402918069585,0.1414141414141414,0.005611672278338945,0.18462401795735128,0.01964085297418631,0.0005611672278338945,0.3507295173961841,0.18518518518518517,0.1526374859708193,0.3114478114478115,0.21548821548821548,1.821047526673133,0.8711078928312815
QN0103,Astoria (Central),Queens,True,Residential/Mixed,4,Cluster_4,False,58.92092983248393,1398.7852973492786,0.3781021897810219,0.15145985401459855,0.172992700729927,0.12627737226277372,0.00072992700729927,0.16058394160583941,0.008394160583941606,0.00145985401459854,0.33102189781021896,0.27043795620437955,0.15255474452554746,0.245985401459854,0.2489051094890511,1.6265060240963856,0.972933784436926
QN0104,Astoria (East)-Woodside (North),Queens,True,Residential/Mixed,4,Cluster_4,False,65.57641182631113,1009.3489434450964,0.27559377559377557,0.17526617526617527,0.3308763308763309,0.0819000819000819,0.002457002457002457,0.10114660114660115,0.03194103194103194,0.000819000819000819,0.49467649467649466,0.2321867321867322,0.095004095004095,0.17813267813267813,0.15724815724815724,2.4036144578313254,0.9707317073170731
QN0105,Queensbridge-Ravenswood-Dutch Kills,Queens,True,Residential/Mixed,4,Cluster_4,False,62.97190005448743,628.2479193720426,0.47713226205191595,0.1619283065512979,0.10444993819530285,0.05315203955500618,0.006180469715698393,0.19283065512978986,0.004326328800988875,0.0,0.3362175525339926,0.22558714462299134,0.16625463535228677,0.2719406674907293,0.2694684796044499,1.678719008264463,1.1240441801189465
QN0401,Elmhurst,Queens,True,Residential/Mixed,4,Cluster_4,False,35.45929598223685,947.2197033185574,0.4342780026990553,0.18380566801619433,0.2329284750337382,0.04696356275303644,0.02834008097165992,0.07152496626180836,0.0005398110661268556,0.0016194331983805667,0.4240215924426451,0.248582995951417,0.13360323886639677,0.19379217273954116,0.23859649122807017,2.092216162617749,0.9013689013689014
QN0501,Maspeth,Queens,True,Residential/Mixed,4,Cluster_4,False,25.886996832973793,208.20936549652856,0.4033687943262411,0.20567375886524822,0.13031914893617022,0.12056737588652482,0.0026595744680851063,0.1347517730496454,0.0026595744680851063,0.0,0.4867021276595745,0.15780141843971632,0.12411347517730496,0.23138297872340424,0.19237588652482268,2.7319109461966606,1.2352941176470589
QN0502,Ridgewood,Queens,True,Residential/Mixed,4,Cluster_4,False,38.052982238087665,666.0837735035448,0.4891758450436764,0.14394227117356628,0.15723509304975314,0.09191036840106342,0.005317128750474744,0.10862134447398406,0.0,0.0037979491074819596,0.3984048613748576,0.19141663501709077,0.13938473224458792,0.2707937713634637,0.207368021268515,1.9089082384460816,0.9873801110550228
QN0707,Flushing-Willets Point,Queens,True,Residential/Mixed,4,Cluster_4,False,40.67710965133906,674.5895899552534,0.4240165631469979,0.2699792960662526,0.07246376811594203,0.06915113871635611,0.01904761904761905,0.14451345755693581,0.0,0.0008281573498964803,0.3412008281573499,0.1565217391304348,0.15817805383022773,0.3440993788819876,0.22732919254658385,1.6296169630642956,1.0542809177392278
QN1102,Bayside,Queens,True,Residential/Mixed,4,Cluster_4,False,19.31943540859333,104.41326328763222,0.4158125915080527,0.06442166910688141,0.20937042459736457,0.04685212298682284,0.0014641288433382138,0.24743777452415813,0.013177159590043924,0.0014641288433382138,0.404099560761347,0.07759882869692533,0.18594436310395315,0.3323572474377745,0.23572474377745242,2.0655080213903743,1.1062124248496994
QN1304,Cambria Heights,Queens,True,Residential/Mixed,4,Cluster_4,False,17.795118237617167,121.72097740048508,0.32620320855614976,0.09893048128342247,0.12834224598930483,0.2914438502673797,0.00267379679144385,0.14705882352941177,0.0053475935828877,0.0,0.4385026737967914,0.25935828877005346,0.11497326203208556,0.18716577540106952,0.20053475935828877,1.4285714285714286,1.9646017699115046
SI0101,St. George-New Brighton,Staten Island,True,Residential/Mixed,4,Cluster_4,False,60.91954022988506,473.45272643739224,0.33276157804459694,0.23413379073756432,0.12006861063464837,0.2538593481989708,0.0,0.057461406518010294,0.0017152658662092624,0.0,0.32504288164665524,0.1269296740994854,0.17667238421955403,0.3713550600343053,0.23413379073756432,1.6642857142857144,0.8481848184818482
BK0103,South Williamsburg,Brooklyn,True,Residential/Mixed,5,Cluster_5,False,16.154775256664653,530.0915043539973,0.8197596795727636,0.06408544726301736,0.017356475300400534,0.0267022696929239,0.0026702269692923898,0.06542056074766354,0.0026702269692923898,0.0013351134846461949,0.18691588785046728,0.1802403204272363,0.28304405874499333,0.34979973297730305,0.3938584779706275,1.0871647509578544,1.0196779964221825
BK0202,Downtown Brooklyn-DUMBO-Boerum Hill,Brooklyn,True,Residential/Mixed,5,Cluster_5,False,114.24056982343498,2066.0090080202563,0.6245883644346871,0.0871569703622393,0.03336992316136114,0.030296377607025245,0.0008781558726673985,0.17014270032930845,0.05290889132821076,0.0006586169045005489,0.166410537870472,0.15718990120746432,0.28737650933040615,0.3890230515916575,0.3857299670691548,1.0597061581744296,0.9517061885482938
BK0504,Spring Creek-Starrett City,Brooklyn,True,Residential/Mixed,5,Cluster_5,False,21.299381247025227,142.26603291029022,0.6452513966480447,0.09217877094972067,0.019553072625698324,0.1005586592178771,0.0111731843575419,0.13128491620111732,0.0,0.0,0.2206703910614525,0.17318435754189945,0.1871508379888268,0.41899441340782123,0.2877094972067039,1.3577586206896552,0.8357142857142857
BK0802,Crown Heights (North),Brooklyn,True,Residential/Mixed,5,Cluster_5,False,53.40435386753126,1401.6971411658692,0.4824371205550737,0.13009540329575023,0.05702515177797051,0.08174327840416305,0.003686036426712923,0.16305290546400694,0.08196010407632263,0.0,0.30529054640069386,0.12532523850823937,0.18560277536860365,0.38378143972246315,0.23764093668690373,1.5272441494935383,1.1412750673451062
BK0901,Crown Heights (South),Brooklyn,True,Residential/Mixed,5,Cluster_5,False,37.45888079709456,1057.3954738162615,0.5106598984771573,0.18527918781725888,0.0350253807106599,0.05736040609137056,0.0,0.19593908629441625,0.011675126903553299,0.0040609137055837565,0.21776649746192894,0.12791878172588833,0.19035532994923857,0.4639593908629442,0.25888324873096447,1.1400591278640058,0.7452471482889733
BK1001,Bay Ridge,Brooklyn,True,Residential/Mixed,5,Cluster_5,False,30.874927572220844,455.9766423364755,0.43699731903485256,0.10991957104557641,0.11298353121409421,0.1214094216775182,0.011106855610877058,0.20413634622749904,0.0034469551895825352,0.0,0.31022596706242817,0.14860206817311375,0.16315587897357334,0.3780160857908847,0.24396782841823056,1.6602931803696621,0.9741248097412482
BK1002,Dyker Heights,Brooklyn,True,Residential/Mixed,5,Cluster_5,False,15.617188429948815,242.49103590878101,0.5091463414634146,0.09298780487804878,0.10060975609756098,0.07926829268292683,0.004573170731707317,0.21189024390243902,0.0,0.001524390243902439,0.32926829268292684,0.1402439024390244,0.15396341463414634,0.37652439024390244,0.21341463414634146,1.3770685579196218,1.0577319587628866
BK1101,Bensonhurst,Brooklyn,True,Residential/Mixed,5,Cluster_5,False,19.390151789502003,414.7535081467075,0.5949839914621131,0.09765208110992529,0.11953041622198506,0.059231590181430094,0.0064034151547491995,0.1200640341515475,0.0010672358591248667,0.0010672358591248667,0.3207043756670224,0.15154749199573106,0.16755602988260407,0.36019210245464245,0.23159018143009605,1.6277533039647578,0.8270932607215793
BK1102,Bath Beach,Brooklyn,True,Residential/Mixed,5,Cluster_5,False,16.690744782221127,284.32332233977405,0.583793738489871,0.07366482504604052,0.055248618784530384,0.09208103130755065,0.0055248618784530384,0.18968692449355432,0.0,0.0,0.36279926335174956,0.1731123388581952,0.18047882136279927,0.283609576427256,0.2430939226519337,1.5522388059701493,0.9064748201438848
BK1103,Gravesend (West),Brooklyn,True,Residential/Mixed,5,Cluster_5,False,20.67209604262566,390.0240240624647,0.5309951060358891,0.06851549755301795,0.13784665579119088,0.14518760195758565,0.0008156606851549756,0.11419249592169657,0.0016313213703099511,0.0008156606851549756,0.2895595432300163,0.2030995106035889,0.21125611745513867,0.29608482871125613,0.3172920065252855,1.2378048780487805,0.7002012072434607
BK1204,Mapleton-Midwood (West),Brooklyn,True,Residential/Mixed,5,Cluster_5,False,16.951850378034223,219.3525896908499,0.6369327073552425,0.08607198748043818,0.025039123630672927,0.09859154929577464,0.01564945226917058,0.12519561815336464,0.0,0.012519561815336464,0.20500782472613457,0.1189358372456964,0.16901408450704225,0.5070422535211268,0.2237871674491393,1.534090909090909,0.7368421052631579
BK1301,Gravesend (South),Brooklyn,True,Residential/Mixed,5,Cluster_5,False,20.208741944522274,240.39370165843496,0.6655112651646448,0.12478336221837089,0.01386481802426343,0.05199306759098787,0.0034662045060658577,0.14038128249566725,0.0,0.0,0.2755632582322357,0.1663778162911612,0.16984402079722705,0.3882149046793761,0.24783362218370883,1.3672922252010724,0.8638392857142857
BK1303,Brighton Beach,Brooklyn,True,Residential/Mixed,5,Cluster_5,False,31.044618382377227,745.9382231690538,0.7308510638297873,0.11595744680851064,0.00851063829787234,0.039361702127659576,0.00425531914893617,0.09787234042553192,0.0010638297872340426,0.002127659574468085,0.29148936170212764,0.16276595744680852,0.12340425531914893,0.4223404255319149,0.20319148936170212,1.302588996763754,1.1107871720116618
BK1401,Flatbush,Brooklyn,True,Residential/Mixed,5,Cluster_5,False,48.559322033898304,1540.373524513926,0.5936591041303083,0.16114019778941244,0.04275741710296684,0.112565445026178,0.00029086678301337986,0.08406050029086679,0.0049447353112274574,0.0005817335660267597,0.3033740546829552,0.15677719604421175,0.1649214659685864,0.37492728330424663,0.23792902850494474,1.2532751091703056,0.9426605504587156
BK1402,Flatbush (West)-Ditmas Park-Parkville,Brooklyn,True,Residential/Mixed,5,Cluster_5,False,25.72300887083203,502.8384769933942,0.5644859813084112,0.1383177570093458,0.05794392523364486,0.0616822429906542,0.0009345794392523365,0.16728971962616823,0.003738317757009346,0.005607476635514018,0.30467289719626167,0.17476635514018693,0.197196261682243,0.3233644859813084,0.27850467289719627,1.272919605077574,1.0428211586901763
BK1403,Midwood,Brooklyn,True,Residential/Mixed,5,Cluster_5,False,23.148325725902342,403.24632466084057,0.7207953603976802,0.03811101905550953,0.01988400994200497,0.06462303231151616,0.014084507042253521,0.1375310687655344,0.0016570008285004142,0.0033140016570008283,0.256006628003314,0.140016570008285,0.2203811101905551,0.3835956917978459,0.28417564208782103,1.220715166461159,0.819620253164557
BK1501,Gravesend (East)-Homecrest,Brooklyn,True,Residential/Mixed,5,Cluster_5,False,14.542480400566538,224.96816795874776,0.522633744855967,0.09327846364883402,0.07133058984910837,0.08093278463648834,0.013717421124828532,0.2167352537722908,0.0,0.0013717421124828531,0.2812071330589849,0.1440329218106996,0.16598079561042525,0.40877914951989025,0.23593964334705075,1.3859275053304905,0.9619565217391304
BK1502,Madison,Brooklyn,True,Residential/Mixed,5,Cluster_5,False,17.754094737617564,284.2410099187068,0.4951590594744122,0.14522821576763487,0.027662517289073305,0.13001383125864455,0.0013831258644536654,0.19778699861687413,0.0013831258644536654,0.0013831258644536654,0.18533886583679116,0.17289073305670816,0.1798063623789765,0.46196403872752423,0.27247579529737204,1.1887755102040816,0.9436363636363635
BK1503,Sheepshead Bay-Manhattan Beach-Gerritsen Beach,Brooklyn,True,Residential/Mixed,5,Cluster_5,False,28.899731935785066,325.95377753174057,0.6836894215737364,0.06357477853048463,0.07868681605002606,0.03230849400729546,0.003126628452318916,0.1354872329338197,0.0026055237102657635,0.0005211047420531526,0.26003126628452317,0.1928087545596665,0.21990620114643042,0.3272537780093799,0.30536737884314746,1.3105639396346307,0.8075396825396824
BK1704,East Flatbush-Remsen Village,Brooklyn,True,Residential/Mixed,5,Cluster_5,False,29.84919396775871,671.9110324582037,0.7857142857142857,0.10104529616724739,0.02613240418118467,0.04006968641114982,0.0008710801393728223,0.04529616724738676,0.0,0.0008710801393728223,0.3310104529616725,0.18902439024390244,0.1681184668989547,0.3118466898954704,0.24128919860627177,1.5651558073654392,0.8696629213483147
BK1802,Marine Park-Mill Basin-Bergen Beach,Brooklyn,True,Residential/Mixed,5,Cluster_5,False,13.741272735358207,112.99324924197313,0.5501618122977346,0.05501618122977346,0.061488673139158574,0.06472491909385113,0.008090614886731391,0.2524271844660194,0.008090614886731391,0.0,0.3058252427184466,0.15210355987055016,0.1796116504854369,0.36245954692556637,0.24433656957928804,1.3916876574307304,0.9615384615384616
BX0101,Mott Haven-Port Morris,Bronx,True,Residential/Mixed,5,Cluster_5,False,69.66773847802786,1058.6667013467697,0.605210918114144,0.19305210918114143,0.05037220843672457,0.08337468982630274,0.0034739454094292804,0.06352357320099256,0.0009925558312655087,0.0,0.34540942928039703,0.21662531017369727,0.19751861042183622,0.2404466501240695,0.3037220843672457,1.6770315091210615,1.2450842696629214
BX0904,Parkchester,Bronx,True,Residential/Mixed,5,Cluster_5,False,38.11918864365838,1350.1273428739569,0.7604166666666666,0.036458333333333336,0.009548611111111112,0.03125,0.0008680555555555555,0.1597222222222222,0.0,0.001736111111111111,0.18229166666666666,0.1953125,0.19010416666666666,0.4322916666666667,0.2977430555555556,1.1317780580075663,0.7002141327623127
BX1003,Pelham Bay-Country Club-City Island,Bronx,True,Residential/Mixed,5,Cluster_5,False,29.113557358053303,245.09356626382495,0.5149253731343284,0.10199004975124377,0.13930348258706468,0.09079601990049752,0.0,0.1517412935323383,0.0012437810945273632,0.0,0.3308457711442786,0.15920398009950248,0.21766169154228857,0.2922885572139303,0.2835820895522388,1.6358024691358024,0.9801980198019803
BX1004,Co-op City,Bronx,True,Residential/Mixed,5,Cluster_5,False,5.484161414422526,74.46245711574801,0.5522388059701493,0.07960199004975124,0.014925373134328358,0.12437810945273632,0.0,0.22885572139303484,0.0,0.0,0.3781094527363184,0.21890547263681592,0.11442786069651742,0.2885572139303483,0.22388059701492538,1.3068181818181819,1.1586206896551725
BX1102,Morris Park,Bronx,True,Residential/Mixed,5,Cluster_5,False,38.98635477582846,332.58638064612904,0.713953488372093,0.06162790697674419,0.046511627906976744,0.03953488372093023,0.0,0.13604651162790699,0.002325581395348837,0.0,0.24186046511627907,0.14069767441860465,0.18953488372093022,0.42790697674418604,0.2651162790697674,1.4019963702359346,0.8222222222222222
BX1104,Allerton,Bronx,True,Residential/Mixed,5,Cluster_5,False,33.55723560327141,815.795102665198,0.7646566164154104,0.08458961474036851,0.02680067001675042,0.04355108877721943,0.0016750418760469012,0.07872696817420435,0.0,0.0,0.34840871021775544,0.1708542713567839,0.13819095477386933,0.3425460636515913,0.2169179229480737,1.4906417112299466,1.0520361990950224
MN0601,Stuyvesant Town-Peter Cooper Village,Manhattan,True,Residential/Mixed,5,Cluster_5,False,15.017381228273464,625.4965144294002,0.6049382716049383,0.037037037037037035,0.021604938271604937,0.037037037037037035,0.0,0.2932098765432099,0.006172839506172839,0.0,0.30246913580246915,0.1697530864197531,0.1697530864197531,0.35802469135802467,0.25308641975308643,1.6116751269035534,0.7384615384615384
MN1001,Harlem (South),Manhattan,True,Residential/Mixed,5,Cluster_5,False,91.24879459980714,3388.911806726952,0.527520915896081,0.27939233817701453,0.03742844561867019,0.056142668428005284,0.0015411712901805372,0.0900484368119771,0.006164685160722149,0.0017613386173491853,0.2915015411712902,0.14619110523998238,0.22501100836635843,0.337296345222369,0.29678555702333775,1.5251683800070897,1.0100058858151855
MN1101,East Harlem (South),Manhattan,True,Residential/Mixed,5,Cluster_5,False,43.43442973088424,1642.9676983006248,0.45712037765538943,0.3351691581431943,0.01848937844217152,0.04878048780487805,0.0035405192761605035,0.13139260424862312,0.0035405192761605035,0.001966955153422502,0.33477576711250984,0.16522423288749016,0.14358772619984264,0.35641227380015733,0.22069236821400473,1.5451941438574157,1.034920634920635
QN0202,Sunnyside,Queens,True,Residential/Mixed,5,Cluster_5,False,40.01712398581155,442.9497150413481,0.5231788079470199,0.14111054508405502,0.046357615894039736,0.09984717269485481,0.011207335710646969,0.1726948548140601,0.005094243504839531,0.0005094243504839531,0.3270504330106979,0.1706571574121243,0.14314824248599084,0.35914416709118696,0.22312786551197147,1.7124463519313304,0.7725816784112748
QN0203,Woodside,Queens,True,Residential/Mixed,5,Cluster_5,False,33.86200626325891,547.5039028090496,0.4128878281622912,0.17064439140811455,0.13723150357995226,0.059665871121718374,0.013126491646778043,0.20286396181384247,0.0029832935560859188,0.0005966587112171838,0.3031026252983294,0.18436754176610978,0.2356801909307876,0.27684964200477324,0.3412887828162291,1.5134099616858236,0.9006982156710628
QN0503,Glendale,Queens,True,Residential/Mixed,5,Cluster_5,False,16.839803171131766,220.97026125667907,0.5454545454545454,0.11688311688311688,0.048701298701298704,0.1266233766233766,0.00487012987012987,0.15422077922077923,0.003246753246753247,0.0,0.38311688311688313,0.12987012987012986,0.13636363636363635,0.35064935064935066,0.19967532467532467,1.8749999999999998,0.8340248962655601
QN0601,Rego Park,Queens,True,Residential/Mixed,5,Cluster_5,False,22.09890647951689,360.868489919376,0.4948301329394387,0.09010339734121123,0.014771048744460856,0.11964549483013294,0.0029542097488921715,0.276218611521418,0.0014771048744460858,0.0,0.28064992614475626,0.12850812407680945,0.19054652880354506,0.40029542097488924,0.2466765140324963,1.520190023752969,0.6860254083484574
QN0602,Forest Hills,Queens,True,Residential/Mixed,5,Cluster_5,False,36.59400931206316,623.308357089329,0.6445172824791419,0.06019070321811681,0.041418355184743745,0.06138259833134684,0.004469606674612634,0.18623361144219308,0.0014898688915375446,0.0002979737783075089,0.331942789034565,0.19606674612634087,0.14839094159713945,0.32359952324195473,0.22556615017878426,1.2929475587703436,0.8648752399232246
QN0704,Murray Hill-Broadway Flushing,Queens,True,Residential/Mixed,5,Cluster_5,False,20.778088561153695,218.1278387380016,0.45454545454545453,0.27797202797202797,0.033216783216783216,0.04108391608391608,0.017482517482517484,0.17132867132867133,0.0026223776223776225,0.0017482517482517483,0.25786713286713286,0.11800699300699301,0.2194055944055944,0.40472027972027974,0.26835664335664333,1.6210374639769451,0.9584775086505191
QN0705,East Flushing,Queens,True,Residential/Mixed,5,Cluster_5,False,20.642050333575533,212.49006852699915,0.6464,0.0624,0.0256,0.0576,0.0272,0.1808,0.0,0.0,0.2576,0.1504,0.2128,0.3792,0.2864,1.3675742574257426,1.0938864628820961
QN0801,Kew Gardens Hills,Queens,True,Residential/Mixed,5,Cluster_5,False,11.571254567600487,131.15835282525734,0.5789473684210527,0.11004784688995216,0.01674641148325359,0.10526315789473684,0.009569377990430622,0.17703349282296652,0.0023923444976076554,0.0,0.32057416267942584,0.13875598086124402,0.1076555023923445,0.43301435406698563,0.16985645933014354,1.4583333333333335,0.9065420560747665
QN0804,Jamaica Estates-Holliswood,Queens,True,Residential/Mixed,5,Cluster_5,False,14.275344785869828,96.68495005910924,0.5903954802259888,0.06779661016949153,0.08757062146892655,0.07344632768361582,0.0,0.17796610169491525,0.0,0.002824858757062147,0.2570621468926554,0.14124293785310735,0.15254237288135594,0.4491525423728814,0.22033898305084745,0.984251968503937,0.6747404844290658
QN0805,Jamaica Hills-Briarwood,Queens,True,Residential/Mixed,5,Cluster_5,False,17.601142798836797,268.65675493743856,0.7347826086956522,0.06666666666666667,0.015942028985507246,0.04927536231884058,0.0014492753623188406,0.12753623188405797,0.004347826086956522,0.0,0.3521739130434783,0.15797101449275364,0.12753623188405797,0.36231884057971014,0.18405797101449275,1.6267942583732058,1.14
QN0901,Kew Gardens,Queens,True,Residential/Mixed,5,Cluster_5,False,31.719602048037295,404.34378113694976,0.5708661417322834,0.09055118110236221,0.03937007874015748,0.07611548556430446,0.009186351706036745,0.2125984251968504,0.0013123359580052493,0.0,0.3543307086614173,0.15223097112860892,0.16272965879265092,0.33070866141732286,0.21916010498687663,1.485355648535565,0.854974704890388
QN1101,Auburndale,Queens,True,Residential/Mixed,5,Cluster_5,False,16.33774103123142,111.97827762985538,0.4679376083188908,0.06759098786828423,0.05545927209705372,0.12998266897746968,0.022530329289428077,0.2512998266897747,0.0017331022530329288,0.0034662045060658577,0.29809358752166376,0.1611785095320624,0.1663778162911612,0.37435008665511266,0.2512998266897747,1.2273901808785528,1.349246231155779
QN1201,Jamaica,Queens,True,Residential/Mixed,5,Cluster_5,False,37.760416666666664,506.6021996677305,0.6229582577132486,0.1560798548094374,0.07395644283121597,0.05807622504537205,0.0,0.08711433756805807,0.00045372050816696913,0.0013611615245009074,0.33257713248638837,0.1969147005444646,0.16742286751361163,0.3030852994555354,0.24682395644283123,1.6490963855421685,0.9879372738238842
QN1401,Far Rockaway-Bayswater,Queens,True,Residential/Mixed,5,Cluster_5,False,19.062283470628994,220.35112450439962,0.7463651050080775,0.07592891760904685,0.017770597738287562,0.048465266558966075,0.006462035541195477,0.1050080775444265,0.0,0.0,0.32310177705977383,0.17689822294022617,0.16639741518578352,0.33360258481421645,0.24232633279483037,1.6047745358090184,1.0064724919093853
QN1402,Rockaway Beach-Arverne-Edgemere,Queens,True,Residential/Mixed,5,Cluster_5,False,25.624073862988716,239.56465409252485,0.6325622775800712,0.15480427046263345,0.04715302491103203,0.06316725978647687,0.004448398576512456,0.09697508896797152,0.0,0.0008896797153024911,0.3736654804270463,0.1290035587188612,0.17437722419928825,0.32295373665480426,0.23487544483985764,1.43006993006993,1.215
QN1403,Breezy Point-Belle Harbor-Rockaway Park-Broad Channel,Queens,True,Residential/Mixed,5,Cluster_5,False,21.207113629209946,83.799520102363,0.5658627087198516,0.15398886827458255,0.027829313543599257,0.05380333951762523,0.00927643784786642,0.18738404452690166,0.0018552875695732839,0.0,0.22077922077922077,0.2541743970315399,0.15213358070500926,0.37291280148423006,0.2727272727272727,1.3721264367816093,1.2109375
SI0103,Rosebank-Shore Acres-Park Hill,Staten Island,True,Residential/Mixed,5,Cluster_5,False,20.71292976165366,149.92642059965493,0.7657841140529531,0.04480651731160896,0.038696537678207736,0.05295315682281059,0.0,0.09775967413441955,0.0,0.0,0.28716904276985744,0.14867617107942974,0.1894093686354379,0.37474541751527496,0.26272912423625255,1.675170068027211,0.7103274559193954
SI0104,West New Brighton-Silver Lake-Grymes Hill,Staten Island,True,Residential/Mixed,5,Cluster_5,False,16.419141914191417,75.28280290694174,0.6113902847571189,0.06867671691792294,0.03350083752093802,0.05025125628140704,0.005025125628140704,0.20100502512562815,0.02847571189279732,0.0016750418760469012,0.2663316582914573,0.16750418760469013,0.19262981574539365,0.37353433835845895,0.2814070351758794,1.3466494845360826,1.136258660508083
SI0105,Westerleigh-Castleton Corners,Staten Island,True,Residential/Mixed,5,Cluster_5,False,13.687279423047414,62.73037700882317,0.6031390134529148,0.03587443946188341,0.03139013452914798,0.08744394618834081,0.011210762331838564,0.21524663677130046,0.013452914798206279,0.002242152466367713,0.1905829596412556,0.08295964125560538,0.16591928251121077,0.5605381165919282,0.2062780269058296,1.3986013986013985,0.6557377049180328
SI0201,Grasmere-Arrochar-South Beach-Dongan Hills,Staten Island,True,Residential/Mixed,5,Cluster_5,False,17.46119733924612,84.6462139634229,0.6714285714285714,0.04126984126984127,0.022222222222222223,0.06190476190476191,0.004761904761904762,0.1984126984126984,0.0,0.0,0.2920634920634921,0.1492063492063492,0.18571428571428572,0.373015873015873,0.26031746031746034,1.7452830188679245,1.1629955947136563
SI0203,Todt Hill-Emerson Hill-Lighthouse Hill-Manor Heights,Staten Island,True,Residential/Mixed,5,Cluster_5,False,8.659806044070109,16.86995887322941,0.5958904109589042,0.04794520547945205,0.023972602739726026,0.05821917808219178,0.0,0.273972602739726,0.0,0.0,0.3013698630136986,0.09931506849315068,0.25,0.3493150684931507,0.3116438356164384,1.601123595505618,0.9818181818181819
SI0301,Oakwood-Richmondtown,Staten Island,True,Residential/Mixed,5,Cluster_5,False,10.017421602787456,39.83254599835517,0.6473429951690821,0.01932367149758454,0.024154589371980676,0.043478260869565216,0.0,0.2608695652173913,0.004830917874396135,0.0,0.23671497584541062,0.12560386473429952,0.178743961352657,0.45893719806763283,0.23671497584541062,1.4807692307692308,0.7409638554216867
SI0303,Arden Heights-Rossville,Staten Island,True,Residential/Mixed,5,Cluster_5,False,6.780949966728984,33.98767578234414,0.46261682242990654,0.09345794392523364,0.04205607476635514,0.14953271028037382,0.0,0.2523364485981308,0.0,0.0,0.2897196261682243,0.20093457943925233,0.13551401869158877,0.37383177570093457,0.2383177570093458,1.8495934959349591,1.4275862068965517
BX0302,Claremont Village-Claremont (East),Bronx,True,Residential/Mixed,6,Cluster_6,False,161.143382506582,4151.257111305879,0.64548755186722,0.2782676348547718,0.013485477178423237,0.042012448132780086,0.0012966804979253112,0.019190871369294607,0.0,0.00025933609958506224,0.3552904564315353,0.21473029045643152,0.18775933609958506,0.24221991701244813,0.2863070539419087,1.7022667829119442,1.758535582064994
BX0303,Crotona Park East,Bronx,True,Residential/Mixed,6,Cluster_6,False,64.49752324082242,1280.5882784056166,0.3945291951604419,0.407154129405576,0.021567596002104155,0.10731194108364019,0.01893740136770121,0.04681746449237244,0.0005260389268805891,0.003156233561283535,0.41609679116254605,0.20042083114150447,0.12256706996317727,0.2609153077327722,0.19621251972645976,1.7815315315315314,1.4485179407176287
BX0401,Concourse-Concourse Village,Bronx,True,Residential/Mixed,6,Cluster_6,False,54.32947068071974,1515.7144601661964,0.4683815648445874,0.3654876741693462,0.022508038585209004,0.09083601286173633,0.014737406216505895,0.03778135048231511,0.0,0.0002679528403001072,0.484994640943194,0.21114683815648447,0.11012861736334405,0.1937299035369775,0.19212218649517684,2.1074074074074076,1.8051502145922744
BX0402,Highbridge,Bronx,True,Residential/Mixed,6,Cluster_6,False,94.83216237314599,2505.347908954462,0.5060915377016793,0.28943035890681595,0.025024695423114918,0.1448798156075074,0.001975633849193283,0.03128086927889365,0.0,0.0013170892327955218,0.46855449456700693,0.21995390187685215,0.12446493249917683,0.1870266710569641,0.21633190648666448,1.8090238365493758,1.9705400981996726
BX0403,Mount Eden-Claremont (West),Bronx,True,Residential/Mixed,6,Cluster_6,False,61.99450776812249,2607.239947135525,0.3300970873786408,0.466626213592233,0.05612864077669903,0.11953883495145631,0.003337378640776699,0.02366504854368932,0.00030339805825242716,0.00030339805825242716,0.5142597087378641,0.23938106796116504,0.11771844660194175,0.12864077669902912,0.2032766990291262,2.0474613686534218,2.2990353697749195
BX0501,University Heights (South)-Morris Heights,Bronx,True,Residential/Mixed,6,Cluster_6,False,57.839808877153274,1764.5277843215295,0.42391304347826086,0.3670807453416149,0.02391304347826087,0.15807453416149067,0.0037267080745341614,0.022049689440993787,0.00031055900621118014,0.0009316770186335404,0.5130434782608696,0.23167701863354037,0.10590062111801242,0.14937888198757765,0.2015527950310559,2.2241784037558685,2.4087346024636056
BX0502,Mount Hope,Bronx,True,Residential/Mixed,6,Cluster_6,False,93.50946536301227,3815.2273565648757,0.34883203559510567,0.32836484983314795,0.071412680756396,0.21379310344827587,0.002224694104560623,0.035150166852057844,0.0,0.0002224694104560623,0.46051167964404893,0.2489432703003337,0.12658509454949946,0.16395995550611792,0.2278086763070078,1.6993647234678624,2.277886497064579
BX0503,Fordham Heights,Bronx,True,Residential/Mixed,6,Cluster_6,False,86.14533119085878,4222.981541128969,0.4286701208981002,0.3609671848013817,0.03212435233160622,0.15958549222797927,0.0003454231433506045,0.017616580310880828,0.0,0.000690846286701209,0.4521588946459413,0.2241796200345423,0.12193436960276338,0.20172711571675303,0.21658031088082902,1.8837068443367657,2.8961303462321792
BX0601,West Farms,Bronx,True,Residential/Mixed,6,Cluster_6,False,72.33077836554033,1232.6501933390223,0.367910447761194,0.43283582089552236,0.020895522388059702,0.12686567164179105,0.0007462686567164179,0.050746268656716415,0.0,0.0,0.5261194029850746,0.20970149253731343,0.11044776119402985,0.1537313432835821,0.1962686567164179,1.7893725992317544,3.9430051813471505
BX0701,University Heights (North)-Fordham,Bronx,True,Residential/Mixed,6,Cluster_6,False,84.4722981532102,2234.086207686884,0.6385161799526441,0.26308866087871613,0.007892659826361484,0.06498289923704288,0.0028939752696658773,0.02236253617469087,0.0,0.00026308866087871614,0.35017100762957115,0.225203893712181,0.18442515127598,0.24019994738226783,0.28282031044461986,1.6369177187636048,1.4421503700818075
BX0902,Soundview-Clason Point,Bronx,True,Residential/Mixed,6,Cluster_6,False,39.2076948157809,512.2180902678579,0.4934164934164934,0.35065835065835066,0.00693000693000693,0.08593208593208593,0.004851004851004851,0.05682605682605683,0.001386001386001386,0.0,0.5287595287595288,0.21483021483021483,0.09355509355509356,0.16285516285516285,0.1781011781011781,2.6315789473684212,1.6448497854077253
MN0902,Manhattanville-West Harlem,Manhattan,True,Residential/Mixed,6,Cluster_6,False,70.54966577255503,1661.4941440958746,0.5353047676523838,0.2902836451418226,0.029571514785757393,0.07905853952926976,0.0024140012070006035,0.06095353047676524,0.0024140012070006035,0.0,0.4508147254073627,0.17984308992154496,0.11828605914302957,0.2510561255280628,0.21062160531080265,1.7838676318510858,1.2669527896995707
MN0903,Hamilton Heights-Sugar Hill,Manhattan,True,Residential/Mixed,6,Cluster_6,False,117.17959290774824,4210.32109400381,0.5143953934740882,0.2935060780550224,0.07197696737044146,0.05070377479206654,0.0047984644913627635,0.06253998720409469,0.0017594369801663468,0.0003198976327575176,0.38707613563659626,0.19465770953294945,0.1653870761356366,0.2528790786948177,0.2589571337172105,1.7380694143167028,1.4100634845991067
MN1002,Harlem (North),Manhattan,True,Residential/Mixed,6,Cluster_6,False,99.20100339109025,3864.4079621684464,0.5833528447670335,0.2564973074221494,0.0592367127136502,0.0455396862561461,0.002809646452821353,0.04987122453757902,0.001638960430812456,0.0010536174198080075,0.33282603605712946,0.19351439943807072,0.18075392179817373,0.29290564270662606,0.26972605947084993,1.3644589214621787,1.019134253450439
MN1201,Washington Heights (South),Manhattan,True,Residential/Mixed,6,Cluster_6,False,83.3528102050607,3468.5862755080802,0.34784533648170013,0.384297520661157,0.08072609208972846,0.12824675324675325,0.005017709563164109,0.04973435655253837,0.0038370720188902006,0.00029515938606847696,0.44214876033057854,0.20602125147579692,0.1396103896103896,0.21221959858323494,0.21635182998819363,1.9731977818853974,1.6305239179954443
MN1202,Washington Heights (North),Manhattan,True,Residential/Mixed,6,Cluster_6,False,69.26363907383484,2422.7514463319803,0.3238880918220947,0.34236011477761835,0.04895982783357245,0.1875896700143472,0.0068149210903873745,0.08393113342898136,0.005918220946915352,0.0005380200860832137,0.42718794835007173,0.1872309899569584,0.125,0.26058106169296985,0.20283357245337158,1.9708146247594611,1.2892307692307692
MN1203,Inwood,Manhattan,True,Residential/Mixed,6,Cluster_6,False,91.1381258713891,2778.0308474376534,0.2799248523886205,0.4444444444444444,0.06816961889425657,0.1492216854535695,0.00026838432635534085,0.05609232420826624,0.001878690284487386,0.0,0.47074610842726783,0.22061191626409019,0.10923242082662372,0.19940955448201825,0.1918947933440687,1.891796322489392,1.2696715049656224
BK0201,Brooklyn Heights,Brooklyn,True,Residential/Mixed,7,Cluster_7,False,52.142263718004514,1421.2242967667466,0.13429438543247343,0.1274658573596358,0.03338391502276176,0.11229135053110774,0.007587253414264037,0.29817905918057663,0.2867981790591806,0.0,0.17147192716236723,0.11380880121396054,0.21471927162367224,0.5,0.2738998482549317,1.1774553571428572,1.1144640998959419
BK0601,Carroll Gardens-Cobble Hill-Gowanus-Red Hook,Brooklyn,True,Residential/Mixed,7,Cluster_7,False,76.30705124031513,829.794820661183,0.16915529010238908,0.11476109215017065,0.04436860068259386,0.03775597269624573,0.001279863481228669,0.17128839590443687,0.4613907849829352,0.0,0.2175767918088737,0.14995733788395904,0.23357508532423207,0.3988907849829352,0.30652730375426623,1.1693800876643707,0.7196508860089923
BK0801,Prospect Heights,Brooklyn,True,Residential/Mixed,7,Cluster_7,False,118.68232933405794,2964.2928917061745,0.13596336738288128,0.03099682986967242,0.02712222613596337,0.02676998943289891,0.0021134202183867557,0.11271574498062698,0.6639661852765059,0.0003522367030644593,0.20922860162028883,0.15357520253610427,0.22296583303980275,0.41423036280380415,0.294469883761888,1.0594282848545638,0.6366353543979504
MN0401,Chelsea-Hudson Yards,Manhattan,True,Residential/Mixed,7,Cluster_7,False,96.99255391161395,2183.1245652411203,0.18909936856098372,0.09770687936191426,0.045862412761714856,0.04353605849119309,0.0029910269192422734,0.17397806580259223,0.44649385177799933,0.00033233632436025255,0.17547357926221335,0.12047191758059156,0.16666666666666666,0.5373878364905285,0.2231638418079096,1.2444001991040319,0.5441696113074205
MN0603,Murray Hill-Kips Bay,Manhattan,True,Residential/Mixed,7,Cluster_7,False,58.265607182290445,2196.980850898263,0.17117117117117117,0.1043802423112768,0.02174588381484933,0.062131096613855234,0.0024852438645542093,0.2385834109972041,0.3995029512270892,0.0,0.1748990369680025,0.12954333643988816,0.23827275551413482,0.45728487107797455,0.30319975147561357,1.159618008185539,0.5687361419068736
MN0701,Upper West Side-Lincoln Square,Manhattan,True,Residential/Mixed,7,Cluster_7,False,48.749032757286564,2189.2528159288827,0.09772798008092126,0.06535947712418301,0.02707749766573296,0.034235916588857766,0.008092125739184563,0.23311546840958605,0.5343915343915344,0.0,0.09399315281668223,0.06442577030812324,0.10457516339869281,0.7370059134765017,0.13881107998755057,1.1846330275229358,0.711590296495957
MN0702,Upper West Side (Central),Manhattan,True,Residential/Mixed,7,Cluster_7,False,60.90172318829176,2622.92165382239,0.1618217054263566,0.09366925064599484,0.029392764857881136,0.04392764857881137,0.0009689922480620155,0.23175064599483206,0.437984496124031,0.00048449612403100775,0.15713824289405684,0.1262919896640827,0.18814599483204134,0.5284237726098191,0.25193798449612403,1.169985775248933,0.7226452905811623
MN0703,Upper West Side-Manhattan Valley,Manhattan,True,Residential/Mixed,7,Cluster_7,False,72.7409780457929,3147.52384761699,0.32305699481865285,0.1316062176165803,0.02694300518134715,0.04766839378238342,0.0051813471502590676,0.11554404145077721,0.3494818652849741,0.0005181347150259067,0.2717616580310881,0.172279792746114,0.17202072538860103,0.3839378238341969,0.2551813471502591,1.220123361603701,0.7609613510880155
MN0802,Upper East Side-Carnegie Hill,Manhattan,True,Residential/Mixed,7,Cluster_7,False,48.289359780194964,1376.512186538773,0.08729540140296181,0.07287607170693687,0.035463756819953236,0.04520654715510522,0.0019485580670303975,0.2992985190958691,0.45713172252533124,0.000779423226812159,0.14185502727981295,0.15471551052221355,0.24045206547155104,0.46297739672642246,0.3246297739672642,0.9158679446219382,0.7170449058425881
QN0701,College Point,Queens,True,Residential/Mixed,7,Cluster_7,False,88.0435470599405,448.8907077244182,0.2404744787922358,0.17145938173975558,0.014018691588785047,0.05751258087706686,0.003235082674335011,0.023005032350826744,0.49029475197699496,0.0,0.29475197699496763,0.13191948238677212,0.15959741193386054,0.4137311286843997,0.21675053918044573,1.3214285714285714,1.3995782814971007
QN0702,Whitestone-Beechhurst,Queens,True,Residential/Mixed,7,Cluster_7,False,67.11386885795741,409.18584524268135,0.10394802598700649,0.0734632683658171,0.02348825587206397,0.08695652173913043,0.01249375312343828,0.07296351824087956,0.6266866566716641,0.0,0.2288855572213893,0.1714142928535732,0.19940029985007496,0.4002998500749625,0.27886056971514245,1.0681169757489302,1.0643195666892349
QN1003,Howard Beach-Lindenwood,Queens,True,Residential/Mixed,7,Cluster_7,False,127.54329360637387,792.6884806051604,0.05420753742901394,0.020650490449148167,0.006711409395973154,0.0123902942694889,0.0,0.013164687661331956,0.8928755807950439,0.0,0.08853897780072277,0.04672173464119773,0.2872999483737739,0.5774393391843057,0.31027361899845124,0.938054668086617,0.97741273100616
BK0702,Sunset Park (West),Brooklyn,True,Residential/Mixed,8,Cluster_8,False,33.27042838271372,376.6807368784557,0.32671582529778787,0.17413499716392514,0.13272830402722632,0.08167895632444697,0.10550198525241067,0.17640385706182643,0.0028360748723766306,0.0,0.32558139534883723,0.1514463981849121,0.15938740782756664,0.36358479863868404,0.23709585933068633,1.5251141552511416,1.0590943975441292
BK1602,Brownsville,Brooklyn,True,Residential/Mixed,8,Cluster_8,False,40.015404647068536,762.9047308942658,0.7149404216315307,0.13153070577451878,0.013748854262144821,0.03299725022914757,0.03299725022914757,0.07241063244729606,0.0009165902841429881,0.00045829514207149406,0.39321723189734187,0.18881759853345553,0.14757103574702107,0.27039413382218147,0.22410632447296058,1.5527488855869243,1.306578947368421
QN0301,Jackson Heights,Queens,True,Residential/Mixed,8,Cluster_8,False,39.70276463156092,1015.1612787108814,0.45442286947141314,0.26483279395900755,0.07713052858683926,0.0779395900755124,0.03856526429341963,0.08441208198489752,0.0008090614886731392,0.0018878101402373248,0.3360302049622438,0.19525350593311758,0.1518338727076591,0.3168824163969795,0.22411003236245955,1.6273374888691006,1.0672760511882997
QN0504,Middle Village,Queens,True,Residential/Mixed,8,Cluster_8,False,18.449769377882774,202.07227469082343,0.5457317073170732,0.12195121951219512,0.03201219512195122,0.09908536585365854,0.05030487804878049,0.14786585365853658,0.001524390243902439,0.001524390243902439,0.4801829268292683,0.13719512195121952,0.14329268292682926,0.23932926829268292,0.21646341463414634,2.253623188405797,0.9125248508946323
